ID,UNITÉ,TARGET,SECTION / INTERFACE,SCALE,ROLE-CONCERNED,PERSPECTIVE,OBSERVED-BEHAVIOR,EVIDENCE,RISK-OF-NON-CORRECTION,SEVERITY,SEVERITY-PROVISOIRE (phase 2),OWNER,RECOMMENDATION,DEPENDENCIES,NON-REGRESSION-TEST,DECISION,ÉCART / PHASE 2,GRAPPE PHASE 11
F-VCT-001,10.04b,"validate_contracts.py 31–74, 191–205",Schéma vide ou branche non visitée,Outil,Mainteneur / CI,9 Gouvernance / 6 Preuve,"Chacun des trois schémas de contrats vidé ({}) : PASS, y compris au niveau validate_all ; mot-clé non supporté admis","Rapport VCT 01 ; 4.05, 4.06, 4.07 : reproduit sur DOMAIN_FRAME, RESEARCH_BRIEF, production (la suite reste verte, les mutants échouent au contrôle sémantique) ; 5.03",Promesse « schémas validés » sans contrainte exercée,Majeur,Non fixée (« risque prioritaire de faux PASS »),validate_contracts.py (admission du schéma),Correction d’outil : refuser un schéma vide et parcourir ses branches ; même prévalidation que F-VRC-007,Grappe Autorité du schéma (priorité 1) ; cause commune avec F-VRC-007 ; F-ACT-008 (même script),Schéma {} → échec ; enum retiré → rouge ; exemples B01 → PASS,RETENU → phase 11,PREMIER CLASSEMENT,A1 — Instrument : autorité du schéma
F-VRC-007,10.04b,validate_run_card.py main 399–420,Schéma vide,Outil,Mainteneur / CI / Intégrateur,9 Gouvernance / 6 Preuve,"Schéma réduit à {} : code 0 et message de succès, sans lire la carte ni exécuter la suite","Rapport VRC 04 ; 4.04 : « PASSED deux fois sans lire la cible » ; 5.03 conserve. Faux succès du gate entier, produit par le flot de contrôle de B01 dès que la dépendance est vide",Feu vert indépendant du contenu : toutes les claims « RUN_CARD validée » deviennent vides,Majeur,Majeure provisoire,validate_run_card.py (prévalidation du schéma),Correction d’outil : prévalidation des invariants du schéma avant toute annonce ; à faire quelle que soit l’option D-ACT-1,"Grappe Autorité du schéma (priorité 1) ; F-VCT-001 (même cause, autre script) ; F-VRC-008","Schéma {} ou incomplet → échec contrôlé, code non nul ; B01 intact → PASS",RETENU → phase 11,MAINTENUE,A1 — Instrument : autorité du schéma
F-VRC-006,10.04b,validate_run_card.py check_schema_authority,Non-régression de l’enum mode,Outil,Mainteneur / CI,9 Gouvernance,"L’auto-contrôle d’autorité n’a qu’un test positif : l’enum mode désactivé, BOGUS-MODE passe, suite verte",Rapport VRC 03 ; 4.04 reproduit. Le mode gouverne toutes les obligations conditionnelles,Perte future du contrôle de mode invisible,Significatif,Significatif,validate_run_card.py (oracles),Correction de test : voisin négatif mode inconnu + mutation ciblée,"Grappe Autorité du schéma ; F-VCT-003 (même motif, autre enum)",Enum mode retiré → suite rouge ; cinq modes canoniques acceptés,RETENU → phase 11,MAINTENUE,A1 — Instrument : autorité du schéma
F-VRC-008,10.04b,"validate_run_card.py main, check_schema_authority",Schéma absent ou incomplet,Outil,Mainteneur / CI,9 Gouvernance,"Schéma absent : UnboundLocalError ; schéma {""type"":""object""} : KeyError en suite, et la cible invalide est ACCEPTÉE en validation ciblée",Rapport VRC 04 ; 4.04 : « incomplet : cible invalide acceptée ». Le volet d’acceptation fausse fixe la gravité en haut de la fourchette de phase 2,Acceptation d’une carte invalide sous dépendance incomplète ; traceback ailleurs,Significatif,Mineure à significative,validate_run_card.py (prévalidation),Même prévalidation que F-VRC-007,Cause F-VRC-007,Schéma absent / incomplet → échec contrôlé ; jamais code 0,RETENU → phase 11,MAINTENUE,A1 — Instrument : autorité du schéma
F-ALL-001,10.04b,"validate_all.py 24–36, 45–79",Oracle de l’orchestrateur,Outil,Mainteneur / CI,9 Gouvernance,Un échec attendu est accepté quel que soit son motif,"Rapport ALL 01 : fixture existante, échec 7 et diagnostic sans rapport acceptés ; 5.03 : « préciser ses oracles »",Les négatifs CLI ne protègent pas leur raison d’échec,Significatif,Significatif provisoire,validate_all.py,Correction de test : chaque négatif réussit seulement sur son diagnostic,Grappe Oracles ; F-FIX-001/003,Voisin rejeté pour un autre motif → orchestrateur rouge,RETENU → phase 11,MAINTENUE,A2 — Instrument : oracles de test
F-FIX-002,10.04b,schemas/fixtures (17/22 négatifs),Conception des fixtures négatives,Outil,Mainteneur,9 Gouvernance,"Les négatifs cumulent plusieurs défauts : réparés de leur faute nommée, 13/16 (puis 17/22) restent invalides","Rapports Fixtures 02–03 ; 4.04, 5.03. Les diagnostics attendus atténuent (pas de faux succès direct). Mais les phases 12–13 (application et non-régression) devront prouver qu’un correctif isolé agit : avec des négatifs composites, elles ne le peuvent pas",Correctifs de la phase 12 invérifiables ; couverture surestimée,Significatif,Significative,Fixtures et oracles de validate_run_card.py,Correction de test : un négatif = une faute sur une base valide + son voisin positif ; tests composites nommés à part,Grappe Oracles (prérequis des phases 12–13),Chaque négatif réparé de sa faute devient valide,RETENU → phase 11,MAINTENUE,A2 — Instrument : oracles de test
F-FIX-003,10.04b,schemas/fixtures/invalid_missing_proof.json,Oracle sans diagnostic attendu,Outil,Mainteneur,6 Preuve,Seul négatif natif sans expected_message : la suite reste verte s’il échoue pour une raison étrangère,"Checkpoint Fixtures ; Validate_RUN_CARD 03 et 4.04 : preuve ajoutée mais mode=BOGUS → aucune erreur de suite. Il protège la règle « preuve absente », une protection centrale d’ACTION",Perte de la règle de preuve absente non détectée,Significatif,Significative,validate_run_card.py (check_fixture),Correction de test : message attendu obligatoire pour tout négatif,Grappe Oracles ; F-ALL-001,Retirer la règle de preuve → suite rouge,RETENU → phase 11,MAINTENUE,A2 — Instrument : oracles de test
F-ACT-017,10.02,ACTION/RUN_CARD 271 ; critical_protection,Protection critique ↔ clôture,Interface,Risque,9 Gouvernance / 2 Produit,"la carte ne dit pas ce qui peut échouer pour un risque normal/important ; pour un risque critique, elle peut annoncer une action d’échec sans l’exécuter",Rapport ACTION 05 Fast-path/RUN_CARD : ligne 271 exige risque principal et impact potentiel ; le schéma n’accepte que niveau/protection ; un contrôle critique NOT-VERIFIED avec `failure_action: RETURNED` et verdict `ACCEPTED` est validé ; SUITE : 4.01 N3 et 7.02 B2 : LITE avec protection critique BLOCKED + verdict ACCEPTED admis ; 9.08 : START 140 reclasse au texte seulement,"décision sans coût d’erreur compréhensible, automatisation acceptant un danger critique non contrôlé, audit incapable de relier preuve et protection",Majeur,Majeur,RUN_CARD (sens de RISK) ; validateur (contrôle → preuve → action),Alignement humain/machine : failure_action gouverne issue et verdict,"F-DIR-007 (même grappe), F-ACT-038, D-ACT-1","risque normal/important/critique, contrôle PASS/RETURN/NOT-VERIFIED, evidence locator absent ou frais, action RETURNED/BLOCKED/ESCALATED et verdict incompatible",RETENU → phase 11,MAINTENUE,B1 — Protection critique et exception
F-ACT-038,10.02,ACTION/OVERRIDE 810–828,FAIL-ASSUMED ↔ exclusions,Interface,Risque / Autorité,9 Gouvernance,"`NOT-VERIFIED` est requalifié en échec assumé, ou un défaut prohibé est diffusé malgré le contrôle censé le bloquer","Rapport ACTION 11 Gate C/Override : ACTION 810–828 exige demande utilisateur, échec connu, diffusion limitée, journal assigné et retestable, et exclut sécurité/dommage grave/conformité critique/action essentielle dangereuse ; des cartes sans observation ni autorisation ou avec risque critique et `failure_action=BLOCKED` passent ; SUITE : Mutations isolées du rapport ACTION 11 ; Fixtures 03 : le rejet de FAIL-ASSUMED+ACCEPTED est préservé, l’autorisation et le périmètre restent hors oracle ; QS 08 confirme la lecture","publication dangereuse, exception permanente faute de review, faux consentement, perte d’owner et contournement de la protection critique",Majeur,Majeur provisoire,ACTION/OVERRIDE et AUTHORITY ; validateur,Alignement : conditions d’entrée et exclusions opposables,"F-ACT-017, F-ACT-039, F-DIR-027, D-ACT-1","échec observé/inconnu × utilisateur autorisant ou non × risque normal/important/critique et catégorie exclue × protection `BLOCKED`/`ESCALATED` × scope, owner, revue et retest présent",RETENU → phase 11,MAINTENUE,B1 — Protection critique et exception
F-DIR-007,10.01,DIRECTION/START 140 ; DAILY ; section 0,Classification ↔ ACTION/PRECONDITION ↔ schéma,Chaîne,Décision / Garde-fou,3 Accessibilité / 9 Gouvernance,Aucune destination stable pour un correctif local touchant une responsabilité critique ; les tables DAILY et section 0 décrivent LITE sans qualifier le risque ; la projection accepte LITE + protection critique,"Rapports DIR 02, 03, 08, 10 ; 4.01 ; 7.02 ; 9.07 (antécédent) ; 9.08 : START 140 reclasse bien un changement de consentement, mais au texte seulement",Protection critique contournée par classement LITE ; divergence humain/machine,Majeur,Majeur,DIRECTION (classification),"Correction normative + alignement machine : règle explicite « local critique ⇒ STANDARD minimum avec protection », tables alignées, règle schéma risk critical ⇒ mode ≠ LITE/ITER","F-ACT-017, F-SAV-007","Quatre cas (local critique, partagé critique, nouveau flow critique, identitaire critique) + fixture machine refusant LITE critique",RETENU → phase 11 (priorité 1),MAINTENUE,B1 — Protection critique et exception
F-ACT-039,10.02,ACTION/STATUS 139–150 ; OVERRIDE 810,Disposition de la diffusion limitée,Interface,Production,10 Production,"les consommateurs ne savent pas si un run fermé a diffusé un artefact sous dérogation, s’il a seulement retourné un défaut, ou s’il a escaladé avant toute diffusion","Rapport ACTION 11 Gate C/Override : STATUS 139–150 et OVERRIDE 810 décrivent une diffusion limitée effectivement effectuée ; `closure.verdict` n’a pas cette valeur et reste obligatoire ; le validateur exclut à raison les verdicts acceptés mais autorise `FAIL-ASSUMED + CLOSED` avec chacun de `RETURN`, `RETURN-DIRECTION`, `EXPLORATORY` et `SYSTEM-ESCALATION` ; SUITE : Mutations du rapport ACTION 11 (FAIL-ASSUMED + CLOSED admis avec RETURN, RETURN-DIRECTION, EXPLORATORY, SYSTEM-ESCALATION) ; QS 08 : dédupliqué de F-ACT-038","tableau de bord, relais d’équipe ou automatisation envoie un artefact non autorisé, ou interrompt à tort un pilote autorisé ; le statut d’exception est pris pour un verdict",Significatif,Significatif provisoire,ACTION/STATUS et OVERRIDE ; RUN_CARD,Clarification : disposition explicite (diffusée / retirée / non diffusée / escaladée),"F-ACT-038, F-ACT-010",exception autorisée mais non diffusée/diffusée puis retirée/diffusée temporairement/escaladée,RETENU → phase 11,MAINTENUE,B1 — Protection critique et exception
F-DIR-016,10.01,START traduction humaine 302–310,Façade non-spécialiste ↔ START risque,Interface,Décision / Garde-fou,3 Accessibilité / 4 Contenu,La table de traduction ne pose aucune question de risque dominant,Rapport DIR 03 ; non éprouvé en run,Sous-classification d’un brief non spécialiste à risque latent,Significatif,Significatif / à éprouver,DIRECTION,Amélioration de façade : une ligne « qu’est-ce qui coûterait cher si c’était faux ? »,F-DIR-007,"Briefs non spécialistes à risque latent (données, permission, santé)",RETENU → phase 11,MAINTENUE,B1 — Protection critique et exception
F-QS-003,10.04a,QUICKSTART 298,"Façade → ACTION/STATUS 130–143, AUTHORITY 65–67, CLOSE-PACKAGE 415–427, OVERRIDE 808–828",Interface,Clôture / Autorité,9 Gouvernance,"EXPLORATORY, BLOCKED, RETURNED et FAIL-ASSUMED sont groupés, puis approbation et date de revue sont demandées sans distinction",Rapport QS 08 ; la fixture officielle de retour clôturé est valide sans ces champs ; « selon ACTION » permet la lecture conditionnelle ; 5.01 : conservé,Approbation inventée pour archiver un blocage dû à l’accord manquant ; ou approbation générique qui masque les conditions strictes de FAIL-ASSUMED,Significatif,Significatif à éprouver,"QUICKSTART ; ACTION (statuts, autorité, réserves)",Clarification : conditions par issue (archive simple / réserve / exception),"Grappe Protection critique et exception : F-ACT-038, F-ACT-039, F-ACT-023, F-ACT-026","BLOCKED faute de checkpoint, RETURNED sans diffusion, réserve affectant la livraison, FAIL-ASSUMED admissible ou exclu",RETENU → phase 11,MAINTENUE,B1 — Protection critique et exception
F-ACT-010,10.02,ACTION/STATUS 116–153,Compatibilités issue / statut / verdict,Interface,Décision,9 Gouvernance,deux producteurs peuvent sérialiser des dispositions opposées pour le même état de preuve tout en restant valides,"Rapport ACTION 03 Statuts : le bloc sépare cinq registres et liste les verdicts globaux, mais ne définit pas leurs sémantiques ni leur matrice de cooccurrence ; le validateur accepte `EXPLORATORY`, `RETURNED`, `RECLASSIFIED` ou `ESCALATED` avec `ACCEPTED`, ainsi que `PARTIALLY-HELD + ACCEPTED` ; SUITE : 4.04 : RETURNED+ACCEPTED admis ; 7.02 B4 : RECLASSIFIED+ACCEPTED admis ; 9.02 20-N : ESCALATED+ACCEPTED admis ; 8.01","acceptation pleine malgré reprise, escalade ou preuve manquante ; tableaux de bord incohérents ; automatisations incapables de choisir la prochaine action",Majeur,Majeur,ACTION/STATUS (matrice) ; validateur (invariants),"Correction normative : matrice de compatibilité, puis invariants machine selon D-ACT-1","F-RC-001 (10.04), F-ACT-003/039, D-ACT-1","matrice issue × verdict × direction_status, avec cas autorisés, interdits et autorisés seulement sous réserve explicite",RETENU → phase 11,MAINTENUE,B2 — Invariants d’acceptation (D-ACT-1)
F-ACT-012,10.02,ACTION/STATUS 164–175,Axes V/U/A/T ↔ verdict,Interface,Preuve,6 Preuve,le verdict global est valide structurellement sans base d’axes inspectable ou sans blocage lorsque le texte de preuve annonce une non-vérification obligatoire,"Rapport ACTION 03 Statuts : les lignes 164–175 rendent V/U/A/T canoniques et interdisent qu’une moyenne compense un blocage ; ACTION/RUN_CARD laisse ces axes hors schéma ; le validateur accepte `ACCEPTED` avec une preuve obligatoire A déclarée non vérifiée et rejette un objet `axes` ; SUITE : 9.02 15-N1 : risque critique, clavier et consumers non vérifiés, une seule observation quelconque ajoutée → carte admise ; 4.07","acceptation automatisée incohérente avec la preuve, impossibilité de vérifier la règle du bloqueur, perte des réserves par axe lors d’un transfert",Majeur,Majeur provisoire,ACTION (contrat de verdict) ; schéma/validateur,Alignement : axe bloquant représentable et bloquant,"F-ACT-018/021, D-ACT-1","A ou T obligatoire `NOT-VERIFIED`, U `RETURN`, V `PASS-WITH-RESERVATION`, axe `N/A-JUSTIFIED` et agrégation vers chaque verdict global",RETENU → phase 11,MAINTENUE,B2 — Invariants d’acceptation (D-ACT-1)
F-ACT-018,10.02,ACTION.md 284–299 (CAPABILITY-PROFILE),Capacité ↔ claims,Interface,Preuve,6 Preuve / 3 Accessibilité,capture indisponible + qualité sur capture observed + ACCEPTED passe ; une déclaration non attestée suffit comme basis ; le profil peut être omis alors que la méthode dépend d’un runtime,Rapport ACTION 05 Fast-path/RUN_CARD : lignes 284–299 interdisent de présenter comme observée une capacité indisponible ou seulement déclarée ; le validateur relie seulement `available` à une liste `basis` non vide ; SUITE : 4.07 et 4.08 : « capture statique » + « 4 opérateurs réussissent » + « lecteur d’écran conforme » acceptés ; 8.02 V4 ; 9.02 15-N1,"faux claim d’observation, confiance excessive dans une carte valide, preuve dégradée transformée en acceptation",Majeur,Majeur provisoire,ACTION (contrat de capacité) ; validateur (relations vérifiables),Alignement : une claim exige une capacité disponible et une méthode liée,"F-ACT-012, D-ACT-1",capability disponible/indisponible/non requise × basis attestée/déclarative × méthode/provenance × claim observed/not_verified × verdict,RETENU → phase 11,MAINTENUE,B2 — Invariants d’acceptation (D-ACT-1)
F-ACT-022,10.02,ACTION.md 407–411 (fraîcheur),Version de preuve ↔ version livrée,Interface,Preuve,6 Preuve / 5 Technique,la présence de `proof.provenance` est prise comme suffisante même lorsque sa version est explicitement antérieure à la livraison,"Rapport ACTION 06 Routes/Clôture : lignes 407–411 réinitialisent l’axe après changement substantiel ; une carte datée/versionnée V99 acceptée avec preuve V0, date invalide et scope modifié passe, faute de version courante d’artefact à comparer ; SUITE : 4.08 : V2 livrée avec preuve V1 acceptée ; 9.02 17-N1/N2 reproduit ; 9.07 : au texte, la règle a bien fait refaire les preuves sur B′ (protection positive)","ancienne capture, test ou revue réutilisés pour approuver un artefact modifié ; axes non réinspectés présentés comme couverts",Majeur,Majeur,ACTION/Fraîcheur ; RUN_CARD (version) ; validateur,"Alignement : version de provenance = version d’artefact, sinon NOT-VERIFIED","F-ACT-019, F-DIR-034, D-ACT-1","version identique/différente, changement substantiel/hors scope, axes touchés/non touchés, artefact déplacé, date invalide et preuve réinspectée",RETENU → phase 11,MAINTENUE,B2 — Invariants d’acceptation (D-ACT-1)
F-ACT-023,10.02,ACTION.md 413–427 (réserves),Réserve ↔ RUN_CARD,Interface,Mémoire / Owner,9 Gouvernance / 8 Équipe,"`closure.limitations` et `next_proof` globaux peuvent simuler une réserve, mais ne permettent ni attribution, échéance, revue ni résolution individuelle","Rapport ACTION 06 Routes/Clôture : lignes 413–427 exigent sept attributs ; une acceptation avec réserve sans owner propre, scope, impact, review date ou exit condition passe ; une collection structurée `reservations` est rejetée ; SUITE : 4.08 : ACCEPTED-WITH-RESERVATION avec impact « à compléter » et next_proof « À déterminer » accepté","réserves permanentes ou oubliées, acceptation indéfinie, confusion entre résultat d’axe, verdict, issue et remaining risk",Majeur,Majeur,ACTION (objet réserve) ; RUN_CARD/trace,"Alignement : objet réserve (owner, scope, impact, revue, sortie) sans nouveau statut","F-ACT-027, F-ACT-010, D-ACT-1","plusieurs réserves, owners différents, dates échues, réserve résolue, FAIL-ASSUMED, axe PASS-WITH-RESERVATION et verdict accepté avec réserve",RETENU → phase 11,MAINTENUE,B2 — Invariants d’acceptation (D-ACT-1)
F-ACT-024,10.02,"ACTION.md 429–435 (droits, confidentialité)",Droits ↔ verdict,Interface,Juridique / Confidentialité,4 Contenu / 9 Gouvernance,"la limitation est conservée comme texte, mais aucune relation ne force limitation, blocage ou escalade selon le risque","Rapport ACTION 06 Routes/Clôture : lignes 429–435 interdisent l’acceptation par simple mention ; une carte DIRECTION avec droits, marque et contenu client déclarés non vérifiés reste pleinement `ACCEPTED` ; SUITE : 9.04 : RUN_CARD n’a pas mandat de vérifier ACL ou droits (limite, pas défaut) ; la partie retenue est déterministe : « droits non vérifiés » + ACCEPTED admis","prise d’une validation structurelle pour une autorisation de publication, fuite de donnée ou usage d’un asset non licencié",Majeur,Majeur provisoire,ACTION (conséquence de clôture) ; SAVOIR/SOURCE (qualification),Correction normative : droit inconnu → réserve ou blocage selon le canal ; invariant machine minimal,"F-ACT-028, F-SAV-009, D-ACT-1","asset fourni/curaté/généré, licence connue/inconnue, ressemblance de marque, donnée personnelle, canal autorisé/interdit, fallback et risque critique",RETENU → phase 11,MAINTENUE,B2 — Invariants d’acceptation (D-ACT-1)
F-ACT-019,10.02,ACTION.md 303–317 (EXECUTION-SNAPSHOT),Snapshot ↔ RUN_CARD,Intra-fichier,Agent en reprise,7 Agentique,une snapshot ancienne reste indistinguable d’une vue actuelle sans réouvrir manuellement toute la RUN_CARD et reconstruire la comparaison,"Rapport ACTION 05 Fast-path/RUN_CARD : lignes 303–317 annoncent démarrage, délégation et reprise, puis expiration sur changement de mode, risque, capacité ou artefact ; la vue omet ID, owner, state, issue, version source, version d’artefact et instant de génération ; SUITE : 8.02 V3 (reprise avec artefact V2 et preuve V1) touche la même famille de fraîcheur","délégation sur décision, capacité ou artefact obsolète ; reprise du mauvais état ; action attribuée au mauvais owner",Significatif,Significatif,ACTION,"Clarification : ID, version source et instant de génération dans la snapshot",Cause F-ACT-022 (fraîcheur),"snapshot puis changement de mode, risque, capacité, artefact ou owner ; reprise par un autre agent ; locator déplacé ; comparaison de versions",RETENU → phase 11,MAINTENUE,B2 — Invariants d’acceptation (D-ACT-1)
F-RC-001,10.04b,validate_run_card.py 204–208 ; schéma 71,Statut d’ancre ↔ verdict,Interface,Création / Preuve,1 Création / 6 Preuve,"transformed interdit avec EXPLORATORY, RETURN, RETURN-DIRECTION : pour clore un retour dû à une autre preuve manquante, il faut dégrader le statut vrai de l’ancre","Rapport RC 02 ; 4.01 N-case, 4.04, 4.08 (accepté/rejeté selon la seule valeur d’ancre) ; 7.02 ; 9.06 : T3 accepte transformed sur simple déclaration (statut déclaratif, dans l’autre sens)",Falsification incitée de la vérité de l’ancre ; trace utile perdue,Significatif,Significatif,validate_run_card.py ; ACTION/STATUS (sens),Retirer cette interdiction et la remplacer dans la matrice issue/verdict/statut (F-ACT-010),"ARBITRAGE : non fusionné avec F-ACT-010 (erreurs opposées : F-ACT-010 trop permissif, F-RC-001 trop strict) ; même chantier de matrice ; F-DIR-027",Ancre transformée + mobile non observé → RETURN admis sans dégrader l’ancre ; transformed jamais suffisant pour ACCEPTED,RETENU → phase 11,MAINTENUE,B2 — Invariants d’acceptation (D-ACT-1)
F-ACT-015,10.02,ACTION.md 200 (RUN-SYSTEM),Paquet SYSTÈME ↔ RUN_CARD,Interface,Système / Migration,12 Migration / 9 Gouvernance,"une carte SYSTÈME clôturée et acceptée sans consumers, migration, rollback, non-régression, CHANGELOG ni decision_change est valide","Rapport ACTION 04 Préconditions : ligne 200 exige impact, consumers, décision, owner, migration, rollback, non-régression et CHANGELOG ; le schéma n’a aucun champ SYSTÈME dédié et le validateur n’exige que les champs génériques et `trace_locator` ; SUITE : 4.04 et 4.02 N1 : carte SYSTÈME acceptée sans consumers, migration ni rollback ; 9.03, 9.05 : même frontière. Occurrence de la cause F-ACT-021, gardée pour son rayon d’impact","adoption d’un changement partagé sans plan de migration ou retour, consommateurs oubliés, rupture non détectée, gouvernance machine verte malgré un contrat métier absent",Majeur,Majeur provisoire,ACTION/RUN-SYSTEM et RUN_CARD ; validateur,Alignement : minimum SYSTÈME opposable (ou trace obligatoire lue) selon D-ACT-1,"Cause F-ACT-021 ; F-BIB-004, F-SAV-004","consumers vides, migration absente, rollback impossible justifié, non-régression partielle, CHANGELOG manquant et changement partagé critique",RETENU → phase 11,MAINTENUE,B3 — Paquets de clôture par mode et B1b
F-ACT-021,10.02,ACTION.md 339–405 (routes et paquets de clôture),Paquets de clôture par mode ↔ RUN_CARD,Système,Clôture,9 Gouvernance / 6 Preuve,"un verdict vert ne permet pas de savoir si diff, non-régression, hiérarchie, états, consumers, migration ou rollback ont été conservés","Rapport ACTION 06 Routes/Clôture : lignes 339–405 définissent des sorties différentes par mode ; quatre cartes génériques LITE, ITER, STANDARD et SYSTÈME sans leurs sorties distinctives sont validées ; SUITE : 9.06 T1 : carte DIRECTION ACCEPTED/HELD admise alors que ses propres champs nomment « signature non située » ; 4.08, 7.01, 7.02 ; cause systémique de 015, 031, 036",clôture déclarée conforme alors que le paquet propriétaire est incomplet ; perte de reprise et de non-régression ; automatisation incapable de distinguer les modes autrement que par leur enum,Majeur,Majeur provisoire,ACTION/CLOSE-PACKAGE (mapping) ; RUN_CARD et validateur,"Décision D-ACT-1 puis alignement : ce que la carte prouve par mode, ce qui reste en trace","F-ACT-015/031/036 (occurrences), F-ACT-002",matrice cinq modes × paquet complet/incomplet × trace présente/absente × normal/strict × verdict,RETENU → phase 11,MAINTENUE,B3 — Paquets de clôture par mode et B1b
F-ACT-031,10.02,ACTION.md 590–594,Non-régression ↔ baseline,Interface,Système,12 Migration / 6 Preuve,"une comparaison textuelle ne permet pas de retrouver quelle image, quel état, quel viewport, quelle version ou quel contrat a servi de référence","Rapport ACTION 08 Contrats structurés : lignes 590–594 exigent image versionnée, intention, comportement attendu et compatibilité ; une `RUN_CARD SYSTÈME` affirme aucune régression sans locator/version/état de baseline et obtient `ACCEPTED`, tandis qu’un objet baseline structuré est rejeté ; SUITE : Aucune unité 4–9 n’a comparé une baseline versionnée ; occurrence de la cause F-ACT-021","faux négatif de régression, restauration d’un comportement obsolète, différence volontaire supprimée ou différence accidentelle acceptée",Significatif,Significatif,BIBLIOTHEQUE/COMPONENTS (baseline) ; ACTION/RUN-SYSTEM,Alignement : locator et version de baseline requis pour une claim de non-régression,"Cause F-ACT-021 ; F-ACT-015, F-DIR-034","baseline courante/obsolète/manquante, état et viewport, diff intentionnel, compatibilité rompue, artefact modifié après verdict",RETENU → phase 11,MAINTENUE,B3 — Paquets de clôture par mode et B1b
F-ACT-036,10.02,ACTION/GATE-B 704–716 (B1b),Paire B1b ↔ RUN_CARD,Interface,Création / Preuve,1 Création / 6 Preuve,"deux producteurs peuvent fermer la même DIRECTION, l’un avec paire traçable et l’autre avec une seule capture, tout en obtenant la même validation","Rapport ACTION 10 Gate B : lignes 704–716 définissent un déclencheur déterministe et une paire matérielle non omissible ; `RUN_CARD` ne représente ni risque V/craft dominant, ni confrontation à une variante, ni paire ; une carte qui reconnaît l’absence de B1b obtient `ACCEPTED`, tandis qu’un paquet B1b complet est rejeté ; SUITE : 9.06 : au texte, DOUBLE-LOOP et B1b ont bien produit A2 (protection positive) ; en machine, une carte sans paire est acceptée. Risque de qualité, pas de sécurité","contrôle craft contourné, preuve comparative perdue, automatisation incapable de détecter l’omission, reprise impossible et confiance excessive dans `ACCEPTED`",Significatif,Majeur provisoire,ACTION/GATE-B ; RUN_CARD,"Alignement minimal : présence ou N/A-JUSTIFIED de la paire, selon D-ACT-1",Cause F-ACT-021 ; F-BIB-001 (distinct),déclencheur actif/inactif × paire complète/absente/obsolète/inconclusive × décision éditable/non éditable × artefact associé présent/absent × verdict,RETENU → phase 11,ABAISSÉE,B3 — Paquets de clôture par mode et B1b
F-BIB-001,10.03,BIBLIOTHEQUE/SELECT 171–173,SELECT 173 ↔ ACTION/GATE-B B1b 704–716,Interface,Preuve,6 Preuve,La branche « paire équivalente » autorise N/A-JUSTIFIED sans exiger la même décision ni borner l’exception à B1b déclenché,"Rapport BIB 03 ; 4.03 : cas de passage explicité (une paire B1b d’une autre décision ne justifie pas N/A), réserve maintenue ; « selon ACTION » rend la lecture correcte possible, pas obligatoire","Contrôle applicable contourné par la preuve d’une autre décision, clôture indûment favorable",Significatif,Significatif à éprouver,BIBLIOTHEQUE/SELECT,"Clarification : exception valable seulement pour B1b déclenché et exactement la même décision, avec fraîcheur ACTION","F-ACT-036 (non-opposabilité machine de B1b), F-DIR-011",Paire valide pour le hero + nouveau delta d’erreur : N/A refusé ; paire couvrant la même décision : réutilisation permise,RETENU → phase 11,MAINTENUE,B3 — Paquets de clôture par mode et B1b
F-DIR-027,10.01,ABSOLU 2 ; VISUAL_TARGET ; SAVOIR/SOURCE ; schéma RUN_CARD,Ancres humain ↔ machine,Chaîne,Garde-fou / Preuve,6 Preuve / 1 Création,"Texte : ancre obligatoire mais branche N/A dans SAVOIR ; machine : refuse l’absence d’ancre, accepte n’importe quelle ancre déclarée, sans type ni réserve generated-only","Rapports DIR 05, 07, 08, 09, 10 ; SAVOIR checkpoint ; 9.06 : T2 refusé, T3 et T5 corrigé acceptés sur déclaration ; pilote A sans ancre",Faux ancrage pour satisfaire le validateur ; protection identitaire non contrôlée ; deux autorités divergentes,Majeur,Majeur provisoire,DIRECTION (voies) ; ACTION (trace) ; schéma,"Alignement humain/machine : trancher la branche N/A, ajouter type d’ancre et réserve generated-only si retenus","F-SAV-003, F-SAV-010, F-ACT-024, F-RC-001","Ancre générée seule, observée, fournie, N/A justifiée : même verdict au texte et en machine",RETENU → phase 11 (priorité 1),MAINTENUE,B4 — Ancres
F-SAV-003,10.03,SAVOIR/SOURCE 477,"SOURCE ↔ DIRECTION/VISUAL_TARGET 441/587, ACTION/PIPELINE 477, GATE-B/B3",Interface,Source / Reviewer,1 Création / 6 Preuve,"Le « ou comparaison indépendante » met une revue au rang de calibration externe d’une ancre générée seule, ce qui peut lever la réserve","Rapport SAVOIR 07 ; 9.06 : lu correctement dans le seul cas rencontré (ancre non revérifiée tenue comme hypothèse, calibration NOT-VERIFIED), mais le cas discriminant (identité generated-only + reviewer) n’a pas été rejoué","Identité à fort enjeu publiée trop confiante, réserve levée par une préférence de reviewer",Significatif,Significatif à éprouver,SAVOIR/SOURCE ; DIRECTION (règle de réserve) ; ACTION (clôture),"Clarification : la comparaison indépendante est un contrepoint, pas une calibration ; la réserve demeure sans référence observée ou contrainte réelle","Grappe Ancres priorité 1 : F-DIR-027 (Majeur), F-ACT-037, F-ACT-028","Generated-only + reviewer sans référence / avec référence observée / contrainte réelle / réserve ; examiner statut, verdict, limite",RETENU → phase 11,MAINTENUE,B4 — Ancres
F-BIB-004,10.03,BIBLIOTHEQUE/COMPONENTS 611–657 ; renvoi SAVOIR/SYSTEM 704,SAVOIR 704 → COMPONENTS (contrat promis),Interface,Système,12 Migration / 9 Gouvernance,"SAVOIR 704 renvoie le contrat détaillé d’un composant partagé à COMPONENTS, qui ne le fournit que pour BRAND_GRAMMAR (anatomie, variants, tokens, frontières, baseline, source de vérité absents)","Rapport BIB 11 ; 4.02, 4.03 (cas Dialog partagé) et 9.03 : « la tension demeure ; BRAND_GRAMMAR ne résout pas ce cas ». Atténuation : la liste existe dans SAVOIR 704 ; c’est sa destination normative qui manque",Deux consumers divergent silencieusement ; contrat cru satisfait avec un nom de couche,Significatif,Significatif à éprouver,BIBLIOTHEQUE/COMPONENTS,"Correction normative : contrat de structure du composant partagé dans COMPONENTS, activé selon risque et type","Grappe composant partagé : F-ACT-015 (Majeur), F-ACT-021, F-SAV-004, F-SAV-007","Dialog partagé Web/mobile, objet durable, grammaire de marque : où lire chaque responsabilité ; modifier un état et vérifier ce qu’il faut retester",RETENU → phase 11,MAINTENUE,B5 — Composant partagé / SYSTÈME
F-SAV-007,10.03,SAVOIR/SYSTEM 694,SYSTEM 694 ↔ DIRECTION/START 131/138,Interface,Classification,9 Gouvernance,"« Reclassifie en SYSTÈME » dès qu’un effet est partagé, sans vérifier que la décision partagée est l’objet direct du run","Rapport SAVOIR 10 ; 4.02 N2 : la machine accepte la mauvaise classification (simulé) ; 9.03 : le contrat résiste (START propriétaire unique, objet direct / effet induit), SYSTEM 696 rend l’autorité à START",Run DIRECTION remplacé par un run SYSTÈME : perte de la thèse et de la preuve de direction,Significatif,Significatif à éprouver,SAVOIR/SYSTEM ; DIRECTION/START (classement),"Correction normative : « Reclassifie » → « signale à START », qui décide (un verbe)","F-SAV-004, F-BIB-004, F-ACT-011/015 (grappe composant partagé)","Identité avec token induit, token partagé direct, décisions inséparables : mode, ordre des runs, owner, preuve",RETENU → phase 11,MAINTENUE,B5 — Composant partagé / SYSTÈME
F-ACT-009,10.02,ACTION/STATUS 121–132 ; schéma closure.verdict,Temporalité du verdict,Interface,Mémoire,6 Preuve / 7 Agentique,"une RUN_CARD `INTAKE`, `CLASSIFIED`, `SPECCED`, `BUILDING` ou `CHECKING` doit porter un verdict prématuré ; les mutations de ces états passent lorsqu’un enum final est fourni","Rapport ACTION 03 Statuts : les lignes 121–132 placent la déclaration des verdicts à la sortie de `CHECKING` et leur connaissance à l’entrée de `DECIDED`; le schéma exige `closure.verdict` pour tous les états et refuse `null` ; SUITE : 4.01 N1 : carte INTAKE sans verdict rejetée. Atténuation vérifiée : un verdict accepté avant DECIDED est refusé, la valeur forcée est donc non acceptante (sous-déclaration, pas sur-déclaration)","fausse décision, information de remplissage, confusion entre disposition provisoire et verdict global, création tardive de la RUN_CARD pour contourner le schéma",Significatif,Majeur,ACTION (temporalité) ; schéma,Alignement : verdict nullable avant DECIDED,"F-ACT-013 (erreur temporelle inverse), D-ACT-1","chaque état avec verdict absent, provisoire ou final ; transition CHECKING → DECIDED ; sérialisation sans information inventée",RETENU → phase 11,ABAISSÉE,"C1 — Registres, temps et sémantique de preuve"
F-ACT-011,10.02,ACTION/STATUS ; RUN_CARD mode,Reclassement ↔ reprise,Interface,Mémoire,7 Agentique / 12 Migration,`mode: STANDARD` avec `issue: RECLASSIFIED` ne permet pas de savoir si STANDARD est le point de départ ou d’arrivée,"Rapport ACTION 03 Statuts : `RECLASSIFIED` signifie qu’un autre mode s’impose, mais RUN_CARD ne possède qu’un champ `mode` et aucun champ de mode précédent, mode cible ou run successeur ; SUITE : 9.03 : aucune contrainte entre deux RUN_CARD (parent, identité) ; 4.02","mauvaise route à la reprise, perte de l’historique de classification, double run non relié, métriques de reclassification non fiables",Significatif,Significatif,ACTION (transport) ; DIRECTION/START (décision),"Alignement : mode source, mode cible, run successeur","F-DIR-011, D-ACT-1","LITE → STANDARD, STANDARD → DIRECTION, DIRECTION → SYSTÈME, reprise même carte et création d’un run successeur",RETENU → phase 11,MAINTENUE,"C1 — Registres, temps et sémantique de preuve"
F-ACT-013,10.02,ACTION.md 206–218,DECISION-INTENT → DECISION-CHANGE,Interface,Décision,6 Preuve,"STANDARD et SYSTÈME peuvent être clôturés et acceptés sans conséquence décisionnelle ; une valeur arbitraire, `N/A-JUSTIFIED` ou `NOT-OBSERVED` passe de la même manière ; un `outcome_type` structuré est rejeté","Rapport ACTION 04 Préconditions : lignes 206–218 établissent le contrat DECISION-INTENT → observation → DECISION-CHANGE ou sortie justifiée ; le schéma rend `decision_change` optionnel et limite sa structure à deux chaînes libres ; le validateur ne l’exige que pour une DIRECTION clôturée et acceptée sans issue ; SUITE : 7.01 : decision_change « explication seulement, aucun changement du rendu » acceptée ; 4.01","modification, confirmation, abandon, non-applicabilité et absence d’effet impossibles à distinguer automatiquement ; audit et métriques de conséquence peu fiables ; clôture acceptée sans résultat décisionnel retrouvé",Significatif,Significatif,ACTION ; schéma et validateur,Alignement : conséquence typée (changée / confirmée / N/A-JUSTIFIED / NOT-OBSERVED),"F-ACT-009, F-ACT-014, F-SAV-005","changed, confirmed, abandoned, N/A, not-observed, résultat absent par mode et compatibilité avec state/verdict",RETENU → phase 11,MAINTENUE,"C1 — Registres, temps et sémantique de preuve"
F-ACT-014,10.02,"ACTION.md 226, 230, 236 ; ACTION/STATUS",NOT-OBSERVED ↔ registres,Interface,Mémoire,6 Preuve,"le producteur doit insérer le token dans une chaîne libre, une trace externe ou un champ dont la sémantique principale est différente ; les champs structurés dédiés sont rejetés","Rapport ACTION 04 Préconditions : lignes 226, 230 et 236 utilisent `NOT-OBSERVED` pour une conséquence attendue mais absente ; le GLOSSAIRE le définit ; ACTION/STATUS ne le place dans aucun de ses cinq registres et RUN_CARD ne possède aucun champ ou enum correspondant ; SUITE : 10.01 : la correction de F-DIR-011 (+019) dépend de cette place canonique","confusion avec `NOT-VERIFIED` ou `N/A-JUSTIFIED`, absence non agrégable, conséquence attendue effacée lors du transfert",Significatif,Significatif,ACTION/STATUS (registre) ; RUN_CARD ou trace (transport),Clarification : placer NOT-OBSERVED dans un registre ; à corriger AVANT F-DIR-011,Prérequis de F-DIR-011/019 ; F-ACT-007/013,"applicable non observé, non vérifiable, non applicable, observation négative, conséquence partielle et mapping vers preuve/decision_change",RETENU → phase 11,MAINTENUE,"C1 — Registres, temps et sémantique de preuve"
F-ACT-025,10.02,"ACTION.md 405, 437–439 ; creative_close.next_polish_action",Arrêt du polish ↔ champ obligatoire,Interface,Création,1 Création,"le producteur doit inventer une action, employer une phrase libre de stop ou laisser entendre qu’un polish reste requis ; une action de quota est structurellement valide",Rapport ACTION 06 Routes/Clôture : ligne 405 rend `creative_close.next_polish_action` obligatoire ; lignes 437–439 demandent l’arrêt lorsqu’aucune itération utile n’est probable ; aucune valeur d’arrêt n’est définie ; SUITE : 9.08 : arrêt décidé après v2 (« le gain suivant serait du polish ») ; le champ n’a pas été éprouvé en carte,"itération rituelle, perfection abstraite, gonflement de trace ou information fausse pour satisfaire un champ",Significatif,Significatif provisoire,ACTION/CLOSE-PACKAGE,Clarification : valeur STOP typée admise,F-DIR-009 (grappe Boucle),"défaut corrigé, défaut accepté, action disproportionnée, réserve ouverte, aucune action utile et nouvelle preuve nécessaire sans polish",RETENU → phase 11,MAINTENUE,"C1 — Registres, temps et sémantique de preuve"
F-ACT-027,10.02,ACTION.md 509,Résultats d’écart post-build,Intra-fichier,Mémoire,9 Gouvernance,"le même écart peut être persisté comme texte de preuve, décision-change, limitation, réserve ou statut de direction selon l’équipe","Rapport ACTION 07 Pipeline DIRECTION : ligne 509 appelle « issue » les valeurs `CORRECTED`, `ACCEPTED-DIFFERENCE` et `REMAINING-RISK`; aucune n’appartient aux enums `ISSUE`, verdict ou statut de direction, et aucun objet de comparaison n’est accepté ; SUITE : Un écart persisté en texte de preuve au lieu d’une réserve perd le cycle de vie de F-ACT-023","perte de cause/effet, réserves non suivies, différence acceptée sans `HELD-WITH-ACCEPTED-DIFFERENCE`, confusion avec l’ISSUE canonique",Significatif,Significatif,ACTION/STATUS ; PIPELINE-DIRECTION,Clarification : déclarer ces valeurs comme résultats locaux et leur mapping,"F-ACT-023, F-ACT-003","correction réinspectée, différence acceptée avec et sans effet sur la direction, remaining risk avec owner/review/exit, plusieurs écarts et verdict final",RETENU → phase 11,MAINTENUE,"C1 — Registres, temps et sémantique de preuve"
F-DIR-011,10.01,START 233 ; FIRST-OBJECT 322 ; ATELIER 480,"Sémantique des absences ↔ ACTION (N/A, NOT-VERIFIED, NOT-OBSERVED)",Interface,Preuve,6 Preuve,Absence de changement ou dimension non observée classée N/A-JUSTIFIED,"Rapports DIR 02, 04, 06 ; ACTION et SAVOIR checkpoints",Capacité manquante ou conséquence absente masquée comme non-applicable,Significatif,Significatif,ACTION (sémantique) ; DIRECTION (reproduction),Clarification : reprendre la triade ACTION aux trois occurrences,"F-DIR-019, F-ACT-014",Matrice : non applicable / applicable non vérifié / attendu non observé → statut distinct,RETENU → phase 11 ; porte la correction de F-DIR-019,MAINTENUE,"C1 — Registres, temps et sémantique de preuve"
F-DIR-019,10.01,FIRST-OBJECT 322,Contrat du premier objet ↔ statuts ACTION,Interface,Preuve,6 Preuve,Sorties réduites à observation ou N/A-JUSTIFIED,"Rapports DIR 04, 06",Capacité manquante transformée en N/A,Significatif,Significatif,ACTION ; DIRECTION,Corrigé par la correction de F-DIR-011,F-DIR-011,Mobile applicable sans capture ; état critique non construit ; vérité non observée,"RATTACHÉ à F-DIR-011 (cause commune, test conservé)",MAINTENUE,"C1 — Registres, temps et sémantique de preuve"
F-DIR-021,10.01,FIRST-OBJECT 316 ; 470–476,"Marquage de vérité ↔ artefact visible, ACTION preuve",Chaîne,Preuve / Exécution,4 Contenu / 6 Preuve,Audience et formulation visible du marquage non définies,"Rapports DIR 04, 06 ; 9.08 : le run DG a affiché le jargon « TRUTH/MECHANISM » dans l’interface produit ; le run sans DG n’a rien marqué",Faux réalisme si le label reste interne ; jargon de gouvernance montré à l’utilisateur final,Significatif,Significatif / à éprouver,DIRECTION ; ACTION (scope),Clarification : distinguer statut interne et divulgation visible en langage produit,F-DIR-029,"Démo générée, données fictives, CTA simulé : divulgation visible compréhensible, statut interne tracé",RETENU → phase 11 (renforcé par observation),MAINTENUE,"C1 — Registres, temps et sémantique de preuve"
F-DIR-024,10.01,VISUAL_TARGET 387 ; DOUBLE-LOOP « Preuve précoce »,Mot « preuve » ↔ ACTION/PROOF,Système,Preuve,6 Preuve,"« Preuve » désigne un objet produit, pas une preuve exécutée","Rapports DIR 05, 06",Objet ou média déclaré preuve d’usage ou de résultat,Significatif,Significatif,DIRECTION,Clarification : « objet de preuve » ou « démonstration » ; PROOF réservé à ACTION,F-DIR-018,Recherche du terme « preuve » hors ACTION : sens qualifié partout,RETENU → phase 11,MAINTENUE,"C1 — Registres, temps et sémantique de preuve"
F-DIR-029,10.01,"Labels TRUTH (ATELIER, FIRST-OBJECT 316)",Taxonomie de vérité,Intra-fichier,Preuve,6 Preuve / 4 Contenu,OBSERVED/ILLUSTRATIVE (base) et MECHANISM (nature) mélangés ; « ILLUSTRATIVE ou MECHANISM »,Rapport DIR 06 ; 9.08 : « TRUTH/MECHANISM » a dû être complété en prose par « taux illustratifs »,Démo fictive étiquetée MECHANISM perçue comme réelle,Significatif,Significatif,DIRECTION,"Clarification : deux axes (factualité × nature) ou labels cumulables, fiction prioritaire",F-DIR-021,Matrice fictif/réel × mécanisme implémenté/non × effet observé/non,RETENU → phase 11,MAINTENUE,"C1 — Registres, temps et sémantique de preuve"
F-DIR-032,10.01,"ABSOLU 5, ligne 632","Méthode de preuve humaine ↔ SAVOIR 189, ACTION méthodes",Interface,Preuve,6 Preuve / 3 Accessibilité,"DIRECTION exige des personnes représentatives, contre les méthodes USER/EXPERT de SAVOIR et ACTION ; la machine accepte un risque a11y critique sans participant","Rapports DIR 07, 10","Test utilisateur imposé à tort, ou absence humaine utilisée comme échappatoire",Significatif,Significatif,SAVOIR (méthode) ; ACTION (preuve),"Déplacement : DIRECTION déclenche le risque, renvoie le choix de méthode à SAVOIR/ACTION","F-DIR-033, F-ACT-012","Utilisabilité, contraste, lecteur d’écran, population concernée : méthode choisie par le propriétaire",RETENU → phase 11,MAINTENUE,"C1 — Registres, temps et sémantique de preuve"
F-SAV-005,10.03,SAVOIR/STYLE 582–599 ; schéma profile_decision,PROFILE-DECISION ↔ DECISION-INTENT / DECISION-CHANGE,Interface,Mémoire,6 Preuve,Le même libellé porte l’intention de profil avant build et la décision constatée après observation,Rapport SAVOIR 09 : copie de fixture avec décision future et evidence « capture prévue » → RUN_CARD VALIDATION PASSED,"Fiche de profil anticipée lue comme preuve de résultat, réemploi de style avec autorité excessive",Significatif,Significatif à éprouver,SAVOIR/STYLE ; ACTION et schéma (transport),Clarification : séparer « profil retenu (intention) » et « effet constaté (après capture) »,"Grappe Registres et temps : F-ACT-013, F-ACT-030, F-DIR-003 ; ne pas imposer DECISION-CHANGE avant observation","Pré-build sans rendu, post-build retenu, abandonné après observation, sans effet, ancien réutilisé",RETENU → phase 11,MAINTENUE,"C1 — Registres, temps et sémantique de preuve"
F-DIR-033,10.01,"ABSOLU 5, lignes 634–640",Contexte / Décision / Rendu ↔ registres ACTION,Intra-fichier,Preuve,6 Preuve,Troisième taxonomie de preuve sans mapping ni effet,"Rapports DIR 07, 10 ; jamais mobilisée dans les runs 6.02b–9.08 (§32 : champ sans effet)","Checklist supplémentaire, couverture déclarée différemment",Mineur,Significatif,DIRECTION ; ACTION,Suppression ou mapping en une phrase vers les registres ACTION,F-DIR-032,Aucun registre de preuve hors ACTION sans mapping,RETENU (mineur) → phase 11 (candidat suppression),ABAISSÉE,"C1 — Registres, temps et sémantique de preuve"
F-ACT-002,10.02,ACTION/HANDOFF 23–35,HANDOFF ↔ RUN_CARD,Interface,Mémoire / Coordination,6 Preuve / 7 Agentique,"sérialisation littérale invalide, omission silencieuse ou placement ad hoc dans un champ sémantiquement voisin","Rapport ACTION 01 Responsabilité : lignes 23–33 ; `NEXT-ACTION` et `EXIT-CONDITION` n’existent pas dans le schéma ; `OBSERVATION/METHOD`, `PROOF/TRACE-LOCATOR` et `LIMIT/NOT-VERIFIED` fusionnent des destinations distinctes ; le schéma rejette les propriétés littérales supplémentaires ; SUITE : 9.08 : pour une correction LITE, 9 des 13 champs HANDOFF deviennent N/A-JUSTIFIED (mesure partagée avec F-SK-001) ; 4.01, 4.08, 7.02 rejouent la perte","décision impossible à reprendre, condition de sortie perdue, limite confondue avec absence de preuve, trace humaine et machine divergentes",Significatif,Significatif,ACTION (mapping sémantique) ; schéma seulement si projection retenue,"Simplification : table de mapping HANDOFF → RUN_CARD/trace, et sortie courte déclarée pour LITE","F-DIR-006/010, F-SK-001 (10.04), décision préalable D-ACT-1","handoff LITE non persistant, RUN_CARD STANDARD persistante, DIRECTION clôturée, run sans changement de décision, réserve avec exit condition et reprise par un autre agent",RETENU → phase 11,MAINTENUE,C2 — Formes et projections
F-ACT-005,10.02,"ACTION.md 107, 110 ; schéma production proof_scope",PROOF-SCOPE ↔ contrats de production,Interface,Preuve,6 Preuve,"un scope planifié est présenté comme observé, ou l’observation finale écrase la cible et masque l’écart de couverture",Rapport ACTION 02 First render : ligne 107 définit le scope réellement observé ; ligne 110 décrit les huit lignes comme décisions de construction et couverture attendue ; le schéma ne possède qu’un `proof_scope` ; SUITE : 4.07 : proof_scope « à observer plus tard » accepté avec statuts observed ; 4.08 : statuts contradictoires production/carte acceptés,"surqualification de preuve, non-vérification invisible, impossibilité d’expliquer ce qui était prévu mais non exécuté",Significatif,Significatif,ACTION (sémantique) ; schéma des contrats (projection),Clarification + alignement : séparer scope attendu et scope observé,"F-DIR-003, F-ACT-007/030","scope attendu avant build, observation partielle, viewport omis, population non testée, runtime remplacé et comparaison cible/réel",RETENU → phase 11,MAINTENUE,C2 — Formes et projections
F-ACT-006,10.02,"ACTION.md 95, 110 ; schéma des contrats",Contrat proportionné ↔ projection universelle,Interface,Production,10 Production / 9 Gouvernance,une dimension non applicable doit recevoir une entrée artificielle ; un paquet UI/UX isolé est invalide ; un run simple hérite de direction créative et évaluation complètes,Rapport ACTION 02 First render : lignes 95 et 110 proportionnent les éléments et refusent un formulaire universel ; le schéma exige toutes les matrices non vides et les trois contrats racine simultanément ; SUITE : 4.07 : trio racine imposé même si une seule pièce sert ; 9.08 : surcharge de proportion mesurée ailleurs (163 vs 618 lignes),"slop procédural, fausses données, abandon de la projection ou impression que toutes les dimensions ont été traitées",Significatif,Significatif provisoire,Schéma des contrats ; ACTION (proportion),"Simplification : contrats activables séparément, granularité documentée","F-ACT-029, F-DIR-010","UI/UX seul, micro-delta, non-applicabilité justifiée, run sans direction créative, run sans évaluation complète",RETENU → phase 11,MAINTENUE,C2 — Formes et projections
F-ACT-007,10.02,Schéma production coverage_map.proof_status,Vocabulaire de preuve,Interface,Preuve,6 Preuve,"conversion ad hoc entre statuts, perte de la justification de non-applicabilité, confusion entre observation et verdict","Rapport ACTION 02 First render : le schéma accepte `observed`, `not_verified`, `not_applicable` et rejette `NOT-VERIFIED`; ACTION distingue `NOT-VERIFIED`, `NOT-OBSERVED` et `N/A-JUSTIFIED` ; SUITE : 4.07 : not_applicable sans raison accepté (faux N/A possible)","traces incompatibles, agrégation erronée, non-applicabilité utilisée comme absence de test sans raison",Significatif,Significatif,ACTION (sens) ; schéma (valeurs de transport),Simplification : mapper ou remplacer par la triade canonique,"F-ACT-014, F-DIR-011","observé négatif, non observé, non vérifié, non applicable justifié, preuve partielle et conversion vers RUN_CARD",RETENU → phase 11,MAINTENUE,C2 — Formes et projections
F-ACT-028,10.02,ACTION.md 475–491,"Sources, ancres, assets ↔ trace",Interface,Source / Droits,4 Contenu / 6 Preuve,"statuts, types et routes sont concaténés dans des chaînes libres, déplacés dans un manifeste sans convention de résolution ou omis tout en conservant une carte valide","Rapport ACTION 07 Pipeline DIRECTION : lignes 475–491 demandent type/ID d’ancre, statut épistémique, route d’asset, droits et preuve attendue ; `sources[]` n’accepte que des chaînes et `anchors[]` rejette ces propriétés ; SUITE : 9.06 : T3 accepte une ancre déclarée quelconque (voir F-DIR-027)","impossibilité d’appliquer la réserve generated-only, confusion source/ancre/asset, droits perdus, claim daté présenté sans statut de vérification",Significatif,Significatif,ACTION (mapping de trace) ; DIRECTION (types d’ancre),"Alignement : mapping de trace commun, invariants machine choisis","F-DIR-027 (priorité 1), F-ACT-024","source vérifiée/non revue, trois types d’ancre, cinq routes d’asset, droits connus/inconnus, manifeste externe, locator cassé et réserve generated-only",RETENU → phase 11,MAINTENUE,C2 — Formes et projections
F-ACT-029,10.02,ACTION.md 529,Activation des contrats structurés,Intra-fichier,Production,10 Production,une équipe remplit les six structures à chaque run ; une autre omet carte ou asset en l’absence de trigger littéral ; les deux peuvent considérer le protocole respecté,"Rapport ACTION 08 Contrats structurés : ligne 529 rend les artefacts obligatoires lorsque mode ou risque les déclenche ; la carte de hiérarchie et la fiche d’asset n’ont pas de déclencheur local, aucune matrice d’activation ni sortie `N/A-JUSTIFIED` par artefact n’est définie ; SUITE : 9.08 : proportion correcte dans l’esprit, mais aucun déclencheur par artefact n’a guidé le choix","surcharge procédurale, omission de preuve déterminante, faux sentiment de complétude et divergence entre équipes",Significatif,Significatif,ACTION/STRUCTURED-PROOF,Clarification : matrice d’activation par artefact avec N/A-JUSTIFIED,"F-ACT-006, F-ACT-004","cinq modes, risques U/A/T/V, asset absent/présent, composant neuf/existant, motion triviale/non triviale, et justification d’omission",RETENU → phase 11,MAINTENUE,C2 — Formes et projections
F-ACT-030,10.02,ACTION.md « avant build » (contrats structurés),Plan / méthode / résultat,Intra-fichier,Preuve,6 Preuve,"un producteur préremplit une observation attendue comme résultat, ou conserve après build une cible non remplacée par l’observation réelle","Rapport ACTION 08 Contrats structurés : le titre annonce des contrats avant build, tandis que `OBSERVATION/MEASURE`, retour qualitatif, vérification de reflow, baseline d’un état réel, preuve V/U/A/T et capture de référence supposent une exécution ou un artefact ; un plan portant `proof_status=observed` sur un artefact inexistant est accepté ; SUITE : QS 05/06 : l’exemple mélange attente et observation ; contournement machine reproduit en phase 2","preuve circulaire, statut `observed` prématuré, décision clôturée sur une intention et confusion entre cible, méthode, résultat et prochaine preuve",Significatif,Significatif,ACTION/STRUCTURED-PROOF ; VISUAL_PROOF,Clarification : phase de chaque champ (avant / après),"F-DIR-003, F-SAV-005, F-ACT-005","PRE-BUILD/POST-BUILD, artefact absent/présent, statut planned/observed/not-verified, re-observation après changement et version de preuve",RETENU → phase 11,MAINTENUE,C2 — Formes et projections
F-DIR-006,10.01,"DIRECTION.md 88 et vues locales (Boot, VISUAL_TARGET, ATELIER, alternative, clôture)",Vue humaine ↔ trace ↔ RUN_CARD,Système,Mémoire / Coordination,6 Preuve / 7 Agentique,"Aucun mapping déclaré entre les vues DIRECTION, la trace externe et la projection ; champs rejetés ou condensés en prose",Rapports DIR 01–10 (renforcé 8 fois) ; 4.08,"Duplications divergentes, perte de provenance, trace humaine et RUN_CARD désalignées",Significatif,Significatif (Observation → Significatif),ACTION (projection) ; DIRECTION (vues),"Alignement humain/machine : table de mapping vue → trace / RUN_CARD / hors projection, sans nouveau champ par défaut","F-DIR-010, 023, 039, 045 ; F-ACT-002",Un exemple unique projeté depuis chaque vue sans perte non déclarée,RETENU → phase 11 (cause systémique),MAINTENUE,C2 — Formes et projections
F-DIR-010,10.01,"START 221/237, DAILY, section 0, VISUAL_TARGET, entrée prioritaire",Formes minimales multiples ↔ ACTION/HANDOFF,Système,Coordination / Lecture,7 Agentique / 8 Équipe,"Au moins six formulations minimales concurrentes (ligne de run, clôtures DAILY, matrice section 0, paquets de cible, entrée prioritaire)","Rapports DIR 02, 03, 05, 07, 08, 09, 10 ; 9.08 : 4 éléments de clôture LITE (DAILY) contre 13 champs HANDOFF","Perte de scope, owner, limite ou sortie selon la vue ; surcharge ou sous-déclaration",Significatif,Significatif,ACTION (forme canonique) ; DIRECTION (projections),"Simplification : une forme canonique, les autres déclarées projections avec pertes autorisées ; examiner une forme proportionnée par mode","F-DIR-006, 013, 034 ; F-ACT-002 ; F-SK-001",Matrice façade × champ canonique : aucune perte non déclarée,RETENU → phase 11 (cause systémique),MAINTENUE,C2 — Formes et projections
F-DIR-013,10.01,DAILY 251–257,"DAILY ↔ ACTION/CLOSE-PACKAGE, HANDOFF",Interface,Coordination,9 Gouvernance,Cinq résumés de clôture qui ne reproduisent pas le paquet canonique,Rapport DIR 03 ; 9.08 (tension de proportion dans les deux sens),"Clôture sans verdict, prochaine preuve ou creative close selon le mode",Significatif,Significatif,ACTION (paquet) ; DIRECTION (vue),"Amélioration de façade : renvoi explicite au CLOSE-PACKAGE, pertes déclarées",F-DIR-010,Matrice DAILY × CLOSE-PACKAGE,RETENU → phase 11 (occurrence de F-DIR-010),MAINTENUE,C2 — Formes et projections
F-DIR-023,10.01,"VISUAL_TARGET 377–403, 443",Quatre représentations de la cible,Intra-fichier,Exécution / Mémoire,1 Création,"Table, compilation, quatre décisions et condition SPECCED non équivalentes","Rapports DIR 05, 09 ; 9.08 : le run DG a retenu 6 champs et omis silhouette, typographie, matière et relations de plans",Omission variable de décisions pré-build,Significatif,Significatif,DIRECTION,"Simplification : une représentation canonique, les autres dérivées explicitement","F-DIR-006, 039",Un exemple projeté dans les quatre représentations sans perte,RETENU → phase 11 (renforcé par observation),MAINTENUE,C2 — Formes et projections
F-DIR-034,10.01,"Section 0, lignes 662–668","Minimum local de preuve ↔ ACTION/PRECONDITION, GATE-C",Interface,Preuve / Garde-fou,6 Preuve,"Gates omis ou rendus conditionnels (B en LITE, A/B en ITER et STANDARD, C en DIRECTION, CHANGELOG en SYSTÈME)","Rapports DIR 08, 10","Arrêt prématuré, gates non exécutés selon la façade lue",Significatif,Significatif,ACTION (minimum) ; DIRECTION (projection),Simplification : remplacer la table par un renvoi à PRECONDITION,"F-DIR-010, F-OM-001",Un cas par mode depuis la section 0 = sortie CLOSE-EXIT-CHECK,RETENU → phase 11,MAINTENUE,C2 — Formes et projections
F-DIR-035,10.01,Condition d’arrêt DIRECTION 667 ; checkpoint,Fidélité de direction ↔ clôture ACTION,Interface,Mémoire,6 Preuve / 9 Gouvernance,"PARTIALLY-HELD omis, LOST-IN-BUILD traité comme arrêt, statut/issue/verdict mélangés","Rapports DIR 08, 09, 10",Statut de fidélité pris pour verdict ; clôture sans paquet canonique,Significatif,Significatif,ACTION (clôture) ; DIRECTION (projection),Simplification : renvoi au CLOSE-EXIT-CHECK,F-DIR-045,Toutes combinaisons direction_status × verdict supportées décrites sans perte,RETENU → phase 11,MAINTENUE,C2 — Formes et projections
F-DIR-039,10.01,Divergence 716,Paquet d’alternative ↔ RUN_CARD,Interface,Mémoire,9 Gouvernance,Le texte exige le paquet dans la RUN_CARD ; le schéma rejette ces champs,Rapport DIR 09,Alternative confondue avec anti-direction ; justification perdue,Significatif,Significatif,DIRECTION ; ACTION (mapping),Alignement : déclarer le transport (trace externe ou champs existants),"F-DIR-006, 023",Paquet d’alternative retrouvable depuis la carte ou sa trace,RETENU → phase 11 (occurrence de F-DIR-006),MAINTENUE,C2 — Formes et projections
F-BIB-002,10.03,BIBLIOTHEQUE 54–61 ; SELECT/DERIVE 217–235 ; CONTRACTS 258,DERIVE ↔ CONTRACTS (contrat réduit),Intra-fichier,Structure,10 Production,"DERIVE déclare d’emblée quinze lignes pour une forme locale, CONTRACTS dit qu’une route locale commence par quatre éléments : la condition de passage n’est pas dite","Rapport BIB 04 ; 4.03 : réserve maintenue ; 9.08 : la surcharge de proportion est le coût principal mesuré (163 contre 618 lignes, HANDOFF 9/13 N/A), même famille de défaut",Liste entière appliquée à un essai local (remplissage fictif) ou réduite au point d’omettre un risque actif,Significatif,Significatif à éprouver,BIBLIOTHEQUE/DERIVE et CONTRACTS,"Clarification : champs requis maintenant / après objet / à la promotion, activés par le risque","F-ACT-006, F-ACT-002, F-SK-001 (proportion)","Local faible risque, local avec erreur et contenu long, PILOT testé, route durable : champs requis à chaque état",RETENU → phase 11,MAINTENUE,C3 — Proportion
F-PC-001,10.04b,schéma production_contracts 7 ; validate 102–111,Directions : quota de deux,Interface,Création,1 Création,"Deux directions et deux changements minimum, même quand DIRECTION 716 admet l’absence d’alternative plausible ; deux textes identiques sous deux IDs passent","Rapport PC 01 ; 4.07, 4.08, 6.01, 7.01, 7.02, 6.02b, 9.06 : la friction est transportée dans toute la campagne. Contredit la protection « pas de quota de variantes »",Variantes fictives dans la trace ; décision solide diluée,Significatif,Significative si projection de run,Contrat CREATIVE_DIRECTION_SET,Alignement : exception motivée modélisée ; authenticité (textes distincts) contrôlée,"D-ACT-1 ; F-DIR-009, F-ACT-006 ; grappe Proportion",Décision ouverte à deux directions / contrainte sans contre-choix / IDs aux textes identiques,RETENU → phase 11,MAINTENUE,C3 — Proportion
F-SK-001,10.04a,skill 16 (vs 65/137) ; QUICKSTART 33/205–208 ; ACTION/HANDOFF 23–33,Sortie visible ↔ handoff,Interface,Agent / Humain,7 Agentique / 10 Production,"La « sortie minimale » de onze champs a une portée floue : affichée pour un retour court, ou prise pour le handoff canonique","Rapport Skill 01 ; 5.01, 5.02, 5.04 : trois granularités de sortie (skill 16, QUICKSTART 208, HANDOFF) ; 9.08 (run réel) : pour une correction LITE, 9 des 13 champs de HANDOFF deviennent N/A-JUSTIFIED, alors que DAILY fixe 4 éléments","Formalité uniforme sur les petits runs, ou handoff incomplet (méthode, décision changée) sur les grands",Significatif,Non fixée en phase 2,Skill ; ACTION/HANDOFF (canon),"Simplification : deux sorties nommées (réponse courte, handoff), portée par mode","F-ACT-002 (même correction, côté canon) ; grappe Proportion","Correctif local rendu à un humain ; run persistant transmis à un agent : réponse visible, trace, paquet ACTION",RETENU → phase 11,PREMIER CLASSEMENT,C3 — Proportion
F-ACT-001,10.02,"ACTION.md 7, 13–21 (carte de chargement)","ACTION → READING_MAP, read_route.py",Interface,Lecture / Agent,7 Agentique / 9 Gouvernance,un lecteur outillé ne peut pas exécuter le chargement minimal annoncé ; un lecteur des modes à fort impact peut ne pas charger les préconditions et statuts propriétaires,"Rapport ACTION 01 Responsabilité : lignes 7 et 13–21 ; `ACTION/RUN`, `STATUS`, `PRECONDITION`, `PIPELINE-DIRECTION`, `VISUAL_PROOF`, `GATE-B`, `GATE-C` et `RUN_CARD` ne sont pas tous résolubles ; STANDARD, DIRECTION et SYSTÈME omettent STATUS/PRECONDITION malgré leur portée générale ; SUITE : 5.02 : 10/16 locators servis ; SAVOIR 3/14 et BIBLIOTHEQUE 4/13 routes résolues (checkpoints) ; refus visible « locator inconnu » ; B02 (hypothèse gelée) indexe 70 locators, non adopté","réduction de charge non reproductible, clôture ou preuve reconstruite depuis des résumés incomplets, chargement forcé du fichier entier",Significatif,Significatif,ACTION (minima par mode) ; READING_MAP et read_route.py (résolution),Correction normative (minima par mode) + alignement outil : une carte par mode complète et résoluble,"F-DIR-028 (distinct), F-SAV-004, B02 lot 1 (hypothèse)","un scénario par mode, exécuté uniquement avec READING_MAP et `read_route.py`, puis comparaison des sections chargées au contrat minimal propriétaire",RETENU → phase 11,MAINTENUE,"C4 — Accès, locators et chargement"
F-ACT-020,10.02,ACTION.md 273 ; validate_run_card --strict,TRACE-LOCATOR : prose / schéma / strict,Interface,Mémoire,9 Gouvernance,le même LITE sans trace passe en normal et échoue en strict ; un ITER potentiellement persistant passe en normal sans trace,Rapport ACTION 05 Fast-path/RUN_CARD : ligne 273 autorise l’artefact comme locator en LITE et exige la trace pour ITER persistant ; schéma/validation normale n’exigent rien pour LITE/ITER ; validation stricte exige `trace_locator` pour tous les modes ; SUITE : Le rejet strict de LITE est visible ; l’admission d’un ITER persistant sans trace est silencieuse (partie retenue),"pipelines incohérents, LITE inutilement alourdi en strict, ITER impossible à reprendre en normal, résultat dépendant de la commande choisie",Significatif,Significatif,ACTION/RUN_CARD (règle par mode) ; CLI (profils),"Alignement : une règle par mode, profil strict documenté","F-DIR-036, F-ACT-016",cinq modes × normal/strict × trace présente/absente × artefact local évident × ITER éphémère/persistant,RETENU → phase 11,MAINTENUE,"C4 — Accès, locators et chargement"
F-DIR-028,10.01,READING_MAP ; read_route.py ; titres DIRECTION/SAVOIR/BIBLIOTHEQUE,Locators ↔ lecteur CLI,Système,Lecture,7 Agentique,"Titres existants refusés par le lecteur (ATELIER, 11 SAVOIR, 9 BIBLIOTHEQUE…) alors que la validation de carte passe","Rapports DIR 06, 09, 10 ; SAVOIR et BIB checkpoints ; 5.02 ; B02 : 70 locators, mutation M15","Module ignoré, lecture intégrale forcée ou locator deviné",Significatif,Significatif,READING_MAP + script,Routing + test : table exhaustive des locators cités et contrôle de couverture (hypothèse B02 disponible),"F-ACT-001, F-SAV-004",Tout locator cité est servi ; mutation « locator retiré » détectée,RETENU → phase 11 (correction candidate en B02),MAINTENUE,"C4 — Accès, locators et chargement"
F-RM-003,10.04a,READING_MAP (table des locators) ; read_route.py ; skill 79,Granularité des locators ↔ condition de lecture,Interface,Agent,7 Agentique / 10 Production,NOUVELLE FICHE (candidate transmise par 10.01). Le locator DIRECTION/START sert tout le bloc parent (Boot et Domain Frame compris) alors que la skill 79 demande « l’arbre seulement » ; même phénomène pour CRAFT et SELECT,"5.02 : START 125 lignes, CRAFT 181, SELECT 94 ; 5.04 : « la condition de lecture n’est pas portée par l’extraction » ; 9.08 (run réel) : START = 130 des 163 lignes de la route LITE (80 %), alors que l’arbre utile tient en une quinzaine de lignes. Mesure déterministe (le CLI sert toujours ce bloc), non dépendante de N",Coût de contexte multiplié sur les routes courtes ; charge qui pousse les agents à abandonner la route CLI ou à lire en diagonale,Significatif,Nouvelle (observation transversale sans ID en 5.02),READING_MAP (granularité) ; read_route.py (extraction),"Simplification : locators de sous-section (START/TREE, CRAFT/CFT-0x…) servis par le CLI, sans nouveau propriétaire",Distinct de F-DIR-044 (taxonomie de lecture) et de F-DIR-028/F-ACT-001 (locators refusés) ; grappe Proportion ; B02 lot 1 (hypothèse gelée) indexait des locators,"Route LITE : lignes servies par le CLI ≤ lignes utiles + marge ; même mesure sur START, CRAFT, SELECT avant et après",RETENU → phase 11,NOUVELLE FICHE,"C4 — Accès, locators et chargement"
F-VRM-001,10.04b,validate_reading_map.py 49–72,Identité et couverture des locators,Outil,Mainteneur / Agent,7 Agentique,Seule contrainte : au moins 10 lignes ; locator dupliqué (RUN-LITE ouvre RUN-ITER) ou 14/24 entrées retirées → PASS complet,"Rapport VRM 01. Toute correction de locators (F-RM-003, F-DIR-028/F-ACT-001, B02 lot 1 gelé) sera validée par ce script : il ne la protège pas",Routage CLI faux ou disparu après modification de la carte,Significatif,Non fixée en phase 2 (« gravité finale ouverte »),validate_reading_map.py,"Correction d’outil : unicité, titre et propriétaire par locator, ensemble attendu","PRÉREQUIS de F-RM-003, F-DIR-028, F-ACT-001 ; grappe Carte et routes","Duplication, mauvais titre, route obligatoire supprimée → rouge",RETENU → phase 11,PREMIER CLASSEMENT,"C4 — Accès, locators et chargement"
F-DIR-001,10.01,"DIRECTION.md 47–55, 72 ; EXTERNAL-START RUN-PRIORITY","DIRECTION → façades (QUICKSTART, READING_MAP)",Interface,Lecture,9 Gouvernance / 7 Agentique,Ligne 72 et RUN-PRIORITY placent FIRST-OBJECT avant VISUAL_TARGET ; FIRST-OBJECT consomme pourtant VISUAL_TARGET,"Rapports DIR 01, 03, 04, 05 ; 5.04 ; ordre suivi sans confusion dans le run 9.08 (N=1)",Premier objet construit avant la cible ; lectures différentes selon la façade,Significatif,Significatif,DIRECTION,Amélioration de façade : aligner ligne 72 et RUN-PRIORITY sur cible/spec → premier objet,"QUICKSTART, READING_MAP","Une même séquence causale dans DIRECTION, ACTION, QUICKSTART, READING_MAP (diff textuel)",RETENU → phase 11,MAINTENUE,C5 — Façades lues seules (D-FAC-1)
F-DIR-008,10.01,DIRECTION/START 159 ; FAST-PATH ; résumés des absolus,Règle d’omission ↔ invariants owner/scope,Interface,Coordination / Mémoire,9 Gouvernance,Règle « omettre ce qui ne change pas l’artefact » appliquée à owner et scope ; FAST-PATH « owner si nécessaire »,"Rapports DIR 02, 03, 07, 08, 10",Owner ou scope absent d’une sortie de run,Significatif,Significatif,DIRECTION,Clarification : owner et scope exclus de la règle d’omission,"F-DIR-010, F-ACT-002",Sortie courte de chaque mode contrôlée : owner et scope toujours résolubles,RETENU → phase 11,MAINTENUE,C5 — Façades lues seules (D-FAC-1)
F-DIR-018,10.01,EXTERNAL-START 288–289 ; entrée prioritaire,"Priorité du premier objet ↔ BIBLIOTHEQUE/SCENE, SELECT",Interface,Exécution,1 Création / 2 Produit,"Objet placé avant « navigation, cartes » sans qualifier le cas où navigation ou cartes sont l’objet de preuve","Rapports DIR 03, 04, 10 ; BIB checkpoint","Explorateur, hub ou dashboard dénaturés",Significatif,Significatif localisé,DIRECTION/FIRST-OBJECT,"Clarification : « avant les éléments génériques ou décoratifs », sauf si la navigation est l’objet","F-DIR-024, F-BIB-005","Hub, explorateur, recherche, dashboard opérationnel : forme conservée",RETENU → phase 11,MAINTENUE,C5 — Façades lues seules (D-FAC-1)
F-DIR-041,10.01,Index 749,Index de structure ↔ START,Interface,Décision,2 Produit / 1 Création,« Nouvelle structure d’écran » présélectionne STANDARD,Rapport DIR 09 ; QS checkpoint,Homepage identitaire sous-classée ; gabarit partagé sans migration,Significatif,Significatif,DIRECTION/START,"Routing : retirer la présélection, renvoyer à START",F-QS-001,"Écran opérationnel, homepage de marque, template partagé : modes distincts",RETENU → phase 11,MAINTENUE,C5 — Façades lues seules (D-FAC-1)
F-OM-001,10.04a,"ORCHESTRATION_MAP 20, 21, 23","Carte dérivée → ACTION 50/196–202/383–385/667–684, CHANGELOG 23–42",Interface,Réalisateur / Mainteneur,9 Gouvernance / 12 Migration,"Gate A, le gate du risque et « migration, rollback ou CHANGELOG » sont placés en « renforcement seulement si nécessaire »",Rapport OM 01 ; 5.01 et 5.04 : conservé ; les lignes 3/7/27/43–46 rappellent la primauté des propriétaires,Interface livrée sans focus inspecté ; changement partagé annoncé sans rollback ni migration,Significatif,Significatif à éprouver,ORCHESTRATION_MAP,Correction de façade : minima exécutables sortis de la colonne facultative,D-FAC-1 ; F-RM-001/002 ; F-ACT-015 (minimum SYSTÈME),"Écran interactif avec contrôle non testé, affiche sans clavier ; token partagé direct contre décision locale : obligatoire / N/A / non prouvé",RETENU → phase 11,MAINTENUE,C5 — Façades lues seules (D-FAC-1)
F-QS-002,10.04a,QUICKSTART 141 (et README racine 48),Façade → DIRECTION/START 132,Interface,Classification,9 Gouvernance,"« Ou enjeu de craft dominant » suffit grammaticalement à classer DIRECTION, alors que START exige identité, premier contact ou direction autonome","Rapport QS 03 ; checkpoint QS : atténué par les rappels 141, 144, 162 ; 5.01 et 5.04 : même lecture possible depuis README racine 48 ; aucun run ne l’a éprouvée","Écran opérationnel reclassé DIRECTION : ancre, alternative, pipeline et gates importés, proportion perdue",Significatif,Significatif à éprouver,QUICKSTART ; DIRECTION/START (classement),Clarification : retirer le craft comme critère de mode ; le craft reste un risque ciblé (Gate C) en STANDARD,"D-FAC-1 ; F-RDR-001, F-DIR-041 (mécanismes voisins distincts)","Deux écrans aussi exigeants en craft, l’un opérationnel, l’autre première scène : START puis ligne 141 seule ; comparer MODE, preuves, gates",RETENU → phase 11,MAINTENUE,C5 — Façades lues seules (D-FAC-1)
F-RDR-001,10.04a,README racine 41–51 (46),"Table d’entrée ↔ DIRECTION/START 127–140, ACTION 349–356",Interface,Novice,9 Gouvernance,"ITER est présenté par « amélioration guidée par observation », sans la condition d’une direction retrouvable","Rapport README racine 01 ; 39 confie le classement à START, 51/53 bornent la table ; 5.01, 5.03, 5.04 : « conserver, simplifier la cellule »","ITER classé sur la provenance de la demande : direction non rétablie, scope et non-régression sautés",Significatif,Non fixée en phase 2,README racine,Clarification : condition « direction existante et retrouvable » dans la cellule ITER,D-FAC-1 ; F-QS-002 (même famille de raccourci de mode),"Même observation sur surface avec direction, direction perdue, écran neuf, règle partagée : table seule puis texte complet",RETENU → phase 11,PREMIER CLASSEMENT,C5 — Façades lues seules (D-FAC-1)
F-RM-001,10.04a,READING_MAP 33,"Carte dérivée → DIRECTION 734–736 [FORCÉ], ACTION 369–377",Interface,Agent / Réalisateur,7 Agentique / 6 Preuve,ACTION/RUN-DIRECTION est rangée sous « Ajouter seulement si nécessaire » alors que DIRECTION la force pour une surface identitaire livrée,Rapport RM 01 ; paragraphe 17 corrige pour qui lit la carte entière ; 5.01 et 5.04 : « une cellule isolée peut s’interpréter comme permission concurrente »,"Première scène livrée sans route ACTION : statuts, gates, preuve de version et clôture absents",Significatif,Significatif à éprouver,READING_MAP,Correction de façade : RUN-DIRECTION dans le noyau pour DIRECTION avec build,"D-FAC-1 ; F-OM-001 (même mécanisme, autre carte)",Cadrage de direction sans build contre livraison identitaire avec capture : cellule seule puis carte entière,RETENU → phase 11,MAINTENUE,C5 — Façades lues seules (D-FAC-1)
F-RM-002,10.04a,"READING_MAP 40, 49","Carte dérivée → ACTION 50/202/653/667–684, SAVOIR/CONTEXT 710",Interface,Accessibilité,3 Accessibilité,« Risque explicitement hors scope et N/A-JUSTIFIED » donné comme non-chargement en accessibilité : une exclusion déclarée devient un N/A,"Rapport RM 01 ; 5.01, 5.04 et 8.01 conservent la fiche ; 9.07 : sur le pilote B, les contrôles a11y appliqués ont trouvé des défauts réels (contraste insuffisant O4, bouton sans contour en couleurs forcées O9) : le risque couvert par Gate A n’est pas théorique","Clavier, focus, contraste marqués N/A sur une UI interactive au lieu de NOT-VERIFIED ou d’une réduction de claim",Significatif,Significatif à éprouver,READING_MAP ; ACTION (critères et preuve),Correction de façade : non-chargement de CONTEXT ≠ N/A des contrôles Gate A applicables,"D-FAC-1 ; F-OM-001, F-GLO-002, F-DIR-011, F-ACT-014","UI web interactive « a11y hors scope », artefact imprimé, petit delta déjà couvert et frais : CONTEXT lu ? contrôles applicables ? statut ?",RETENU → phase 11,MAINTENUE,C5 — Façades lues seules (D-FAC-1)
F-VRM-003,10.04b,"validate_reading_map.py 12–28, 96–98",Frontière d’autorité par sous-chaînes,Outil,Mainteneur,9 Gouvernance,Une phrase contraire à START contenant les bons mots passe,"Rapport VRM 01. OBJET : les contradictions réelles de B01 (F-RM-001, F-RM-002, F-OM-001, 10.04a) passent aujourd’hui ce validateur",Façades contradictoires livrées sous le label « dérivée »,Significatif,Non fixée en phase 2 (« gravité finale ouverte »),validate_reading_map.py,Lieu naturel du test de cohérence de D-FAC-1 (option c) : contradictions ciblées ou revue bornée,"D-FAC-1 ; F-RM-001/002, F-OM-001",Cellule qui rend facultative une route [FORCÉ] → rouge,RETENU → phase 11,PREMIER CLASSEMENT,C5 — Façades lues seules (D-FAC-1)
F-EX-001,10.04a,"examples.md 13–17, 31–38","Exemple ↔ ACTION 226–236/267–270, glossaire 37–38",Interface,Agent,6 Preuve,"Une liste de propriétés modifiées tient lieu de DECISION-CHANGE, sans la décision confirmée, infléchie ou abandonnée",Rapport Examples 01 ; 7.01 : le validateur accepte aussi une « explication seulement » ; les agents imitent les exemples de référence,Clôtures qui listent des modifications sans décision ni observation qui la soutient,Significatif,Non fixée en phase 2,Référence examples.md,Correction d’exemple : décision + observation qui la soutient,"Grappe Exemples de référence ; F-ACT-013, F-SAV-005","Extraits seuls puis ACTION : quel choix a été tranché, sur quelle observation",RETENU → phase 11,PREMIER CLASSEMENT,C6 — Exemples de référence
F-EX-002,10.04a,"examples.md 45, 61–64","Exemple ↔ DIRECTION 630–642, ACTION 329–331",Interface,Reviewer,6 Preuve / 2 Produit,Une paire de captures est étendue à la mémorisation et à la tâche,"Rapport Examples 01 ; exemple déclaré simulé, PROOF-LIMIT 63 ; même type de claim que « 4 opérateurs réussissent » accepté en 4.07 (F-ACT-018)",Appréciation visuelle présentée comme effet mesuré chez l’utilisateur,Significatif,Non fixée en phase 2,Référence examples.md,Correction d’exemple : claim borné au visuel ; tâche = protocole utilisateur,Grappe Exemples de référence ; F-ACT-018 (Majeur),"Paire seule, puis avec protocole utilisateur : claims soutenables à chaque étape",RETENU → phase 11,PREMIER CLASSEMENT,C6 — Exemples de référence
F-GLO-002,10.04a,GLOSSAIRE 59,"Exemple ↔ ACTION 415–427/653–655/667–684, 826",Interface,Lecteur débutant,3 Accessibilité / 6 Preuve,"Exemple CLOSED + ACCEPTED-WITH-RESERVATION « sur l’accessibilité non vérifiée » sans portée, criticité, owner ni prochaine vérification",Rapport GLO 01 ; un exemple est la forme la plus copiée d’un glossaire ; 9.07 : les défauts a11y trouvés sur B (affordance perdue en couleurs forcées) montrent qu’une a11y non vérifiée cache des défauts réels,Formulaire critique accepté avec focus non testé ; la trace close paraît acceptée,Significatif,Significatif selon risque,GLOSSAIRE ; ACTION (réserve et autorité),"Correction d’exemple : cas éligible explicite (risque secondaire, réserve avec owner et sortie) ou retrait","Grappe Exemples de référence ; F-ACT-023 (Majeur), F-RM-002","Ligne 59 appliquée à un formulaire de santé, à une livraison bornée avec réserve, à une archive EXPLORATORY",RETENU → phase 11,MAINTENUE,C6 — Exemples de référence
F-BIB-005,10.03,BIBLIOTHEQUE/GATE 707,"GATE 707 ↔ SCENE/EDITORIAL_FIELD 443–445, SUPPORT 334, Gate C",Intra-fichier,Création / Structure,1 Création,"Si la structure sans image, données ni nom pourrait appartenir à cinquante produits, 707 ordonne de changer support, grille ou scène, même quand le contenu retiré porte une relation produit justifiée","Rapport BIB 13 ; OBJET : 6.02b et 9.06, la spécificité des pilotes est portée par la relation de l’objet et non par une signature spatiale ; appliqué à la lettre, 707 aurait demandé de changer une structure qui n’était pas la cause ; 9.06 : relief retiré → scène vidée, et le remède pertinent est le fallback de VISUAL_TARGET, pas une refonte (N = 1, observateur unique)","Refonte inutile, nouveauté structurelle pour satisfaire le test, rejet d’une scène fondée sur le média",Significatif,À calibrer (phases 6 et 9),BIBLIOTHEQUE/GATE,"Clarification : l’ablation diagnostique une dépendance ; la décision de refonte dépend du rendu entier, de la tâche et de Gate C","F-SAV-006 (même correction), F-SAV-002",Scène sobre avec média porteur et fallback / même squelette avec stock décoratif / proposition sans média,RETENU → phase 11,PREMIER CLASSEMENT,C7 — Homogénéisation et ablation
F-SAV-002,10.03,SAVOIR/CRAFT/CFT-05 363 [REQUIS PAR LE MODULE],"CFT-05 ↔ FRAME 106/143, CFT-00 234, CFT-02, CFT-04",Intra-fichier,Création,1 Création,"Sous un tag requis, « les neutres portent l’essentiel de la structure ; l’accent signale action/focus/état » est prescrit sans qualification, contre la pluralité de registres admise ailleurs","Rapport SAVOIR 04 ; OBJET : 6.02b pilote A converge vers « sombre + serif + doré » ; 9.06 : A applique exactement 363 et aboutit au canon que CFT-00 228 dit ne pas être le premium ; 9.08 : neutres + un accent vert profond dans le run avec DG, et aussi dans la baseline sans DG. Trois observations, N = 1 chacune, observateur unique. La baseline montre que la pente vient du modèle ; 363 la codifie au lieu de la contrer","Homogénéisation des sorties et perte de présence, contraire à la promesse centrale de DG (sortie non générique)",Significatif,Significatif à éprouver,SAVOIR/CRAFT/CFT-05,"Correction normative : garder l’exigence fonctionnelle (rôles, états, contraste, indice non chromatique), retirer la palette prescrite ; ajouter une question de convergence (« cette palette est-elle le défaut ? »)","F-SAV-006, F-BIB-005 (grappe homogénéisation) ; REUSE-CHALLENGE (déclencheur limité aux antécédents nommés, 9.06)","Direction neutre à un accent, identité multicolore structurelle, supervision codée par zones, correction de contraste ; comparer ce qui est déclaré obligatoire, conservé, calculé ; et un run avec/sans DG sur la palette obtenue",RETENU → phase 11,MAINTENUE,C7 — Homogénéisation et ablation
F-SAV-006,10.03,SAVOIR/STYLE 632,"STYLE 632 ↔ STYLE 609/621/623/654, DIRECTION/VISUAL_TARGET 385/405",Intra-fichier,Création,1 Création,"Si masquer image/couleurs/logo supprime la différence, le texte conclut « pas de profil choisi », même quand le médium masqué porte légitimement le profil","Rapport SAVOIR 09 ; OBJET 9.06 : relief retiré du pilote A → la promesse disparaît ; le remède prévu par DG est un fallback déclaré (VISUAL_TARGET), pas l’absence de profil : l’ablation a révélé une dépendance, elle n’a pas prouvé l’absence de choix (N = 1)",Appauvrissement d’une expression fonctionnelle ; différences typographiques ou structurelles ajoutées pour « prouver » un profil,Significatif,Significatif à éprouver,SAVOIR/STYLE,"Clarification : l’ablation teste la dépendance et le fallback, elle ne conclut pas seule à l’absence de profil","F-BIB-005 (même correction, deux propriétaires), F-SAV-002","Deux objets à typo/grille identiques, dont un avec image explicative ; couleur porteuse ; logo décoratif isolé ; média motion",RETENU → phase 11,MAINTENUE,C7 — Homogénéisation et ablation
F-BLD-001,10.04b,build_distributions.sh 147–154,ZIP mis à jour sans purge,Distribution,Release,10 Production,Une entrée supprimée des sources reste dans le ZIP ; deux builds verts,Rapport BLD 01,Fichier ancien ou non déclaré livré sous un package « propre »,Significatif,Non fixée en phase 2 (« gravité finale ouverte »),Build,"Correction d’outil : ZIP recréé, membres comparés au manifeste",Grappe Intégrité de release ; F-VDG-001,ZIP ancien + source propre → 60/56 chemins exacts,RETENU → phase 11,PREMIER CLASSEMENT,C8 — Intégrité de release
F-BLD-004,10.04b,"build_distributions.sh 17–19, 33–35, 147–154",Liens symboliques,Distribution,Release,10 Production,"Lien symbolique accepté au stage, absent des ZIP (find -type f), suite verte","Rapport BLD 01 ; 4.09 : ACTION.md injecté en lien → les deux ZIP omettent le fichier normatif, build code 0. B01 propre n’a aucun lien",Release silencieusement amputée d’un fichier normatif,Significatif,Non fixée en phase 2 (« gravité finale ouverte »),Build ; validateur,Correction d’outil : politique de liens + comparaison ZIP ↔ manifeste,Grappe Intégrité de release ; F-BLD-001,Lien injecté → rejet ou empaquetage explicite ; membres = manifeste,RETENU → phase 11,PREMIER CLASSEMENT,C8 — Intégrité de release
F-VDG-001,10.04b,validate_design_governance.py 56–70 ; build,Exclusion .build ↔ archive,Distribution,Mainteneur / Release,10 Production,"Un fichier source non listé sous un dossier nommé .build passe le validateur et entre dans l’archive GitHub, avec FULL VALIDATION PASSED",Rapport VDG 01 ; 4.09 : non-fusion confirmée avec F-BLD-001. Précondition : un nom de dossier réservé dans les sources,Contenu non déclaré (jusqu’à une fuite) publié sous un PASS complet,Significatif,Non fixée (« risque prioritaire pour une release »),Validateur d’inventaire ; build ; manifeste,Correction d’outil : exclusion limitée aux dossiers générés à la racine ; comparaison ZIP ↔ manifeste,Grappe Intégrité de release ; F-BLD-001/004,"Fichier sous source/.build → rejet ou exclusion, absent du ZIP",RETENU → phase 11,PREMIER CLASSEMENT,C8 — Intégrité de release
F-ACT-008,10.02,validate_contracts (CLI ciblé),Outillage de validation,Outil,Intégrateur,10 Production,l’intégrateur ne peut pas valider sa propre projection avec la commande ciblée annoncée,Rapport ACTION 02 First render : une copie valide de l’exemple est rejetée comme « chemin non canonique » ; le script associe le type de contrat uniquement aux chemins exacts des exemples embarqués ; SUITE : 4.05 et 4.06 : seul le chemin canonique exact est validé,"contrat machine non utilisable en production, validation remplacée par une inspection manuelle ou contournée",Significatif,Significatif,Outillage CLI (ACTION/MAINTENANCE),"Correction d’outil : type de contrat passé en argument, pas déduit du chemin","F-ACT-006, F-FIX (10.04)","fichier externe valide, invalide, type explicitement fourni, détection de schéma, chemins absolus/relatifs et trois familles de contrats",RETENU → phase 11,MAINTENUE,C9 — Contrats de production et de cadrage
F-DF-001,10.04b,schéma domain_frame 12 ; validate_contracts 85–90,Risques ↔ contrôles,Interface,Cadrage,9 Gouvernance / 3 Accessibilité,La cohérence du profil de risque = un seul élément identique entre listes ; différence de casse rejetée,Rapport DF 01 ; 4.05 : un risque nouveau (données personnelles) sans contrôle accepté ; focus et récupération retirés acceptés,Profil de domaine « valide » qui a perdu des protections,Significatif,Significatif à éprouver,Contrat DOMAIN_FRAME ; semantic_check,"Alignement selon D-ACT-1 : relation risque → contrôle ou revue, pas appariement lexical",D-ACT-1 ; F-ACT-029 (activation) ; F-ACT-017,"Risques indépendants, contrôle d’une seule famille, libellé équivalent",RETENU → phase 11,MAINTENUE,C9 — Contrats de production et de cadrage
F-PC-002,10.04b,validate_contracts 113–134,Fausse liaison coverage_map,Interface,Preuve,6 Preuve,Les mots d’une exigence sont cherchés dans la matrice concaténée : une exigence fabriquée par deux lignes passe,Rapport PC 01 ; 4.07 (loading error sur deux lignes) ; 4.08,État ou contrôle crédité d’un rattachement inexistant,Significatif,Significative,Contrat UI_UX_REALITY_PACK ; semantic_check,Correction d’outil : liaison par entrée précise,F-ACT-005/007 ; D-ACT-1,"Deux états aux mots réutilisés, état critique omis, locator inspectable",RETENU → phase 11,MAINTENUE,C9 — Contrats de production et de cadrage
F-RB-001,10.04b,schéma research_brief 12/20–32,Source ↔ SAVOIR/SOURCE,Interface,Recherche,6 Preuve / 4 Contenu,"Une source est un texte libre sans date, statut, locator ni owner ; les ajouts structurés sont rejetés",Rapport RB 01 ; 4.06 : trois acceptations avec source « ? »,Brief vert avec source introuvable ou connaissance non revérifiée présentée comme observation,Significatif,Significative,Contrat RESEARCH_BRIEF ; SAVOIR/SOURCE,Alignement : pointeur vers la fiche SOURCE ou champs minimaux,"D-ACT-1 ; F-ACT-028, F-SAV-003","Synthèse vérifiée, mémoire non revérifiée, source fournie, asset à droits",RETENU → phase 11,MAINTENUE,C9 — Contrats de production et de cadrage
F-DIR-020,10.01,FIRST-OBJECT 324–333 ↔ QUICKSTART 160–175,Deux grilles de huit dimensions,Interface,Lecture / Jugement,1 Création,"Deux grilles non alignées, l’une se déclarant opérationnalisation de l’autre","Rapports DIR 04, 06 ; 6.02b : cinq grilles différentes mobilisées pour un seul objet",Couverture différente selon la façade,Significatif,Significatif,DIRECTION (canon) ; QUICKSTART (projection),Amélioration de façade : projection exacte ou mapping dans QUICKSTART,F-DIR-030,Un exemple évalué par les deux grilles → mêmes lacunes,RETENU → phase 11,MAINTENUE,D1 — Frontière du jugement de craft
F-DIR-030,10.01,Constitution ; ATELIER 451–484 ; ACTION 513–521,Jugement de craft : DIRECTION ↔ SAVOIR ↔ ACTION,Système,Jugement,1 Création / 9 Gouvernance,Trois documents décrivent une revue du craft ; frontière brouillée,"Rapports DIR 06, 07, 08, 09 ; 6.02b : cinq grilles mobilisées pour un objet (§16, FIRST-OBJECT, CFT-00, DOUBLE-LOOP, GATE-C)","Revues concurrentes, défauts dominants divergents, charge de jugement",Significatif,Significatif,SAVOIR (méthode) ; DIRECTION (cadrage) ; ACTION (exécution),"Simplification : une revue créative traçable, les grilles déclarées comme vues d’une seule","F-DIR-020, 042","Un run DIRECTION produit une seule revue créative, sans grille dupliquée",RETENU → phase 11,MAINTENUE,D1 — Frontière du jugement de craft
F-DIR-042,10.01,Déclencheurs 737–743,Déclencheurs critiques ↔ owners SAVOIR/BIB/ACTION,Interface,Jugement / Lecture,9 Gouvernance,CFT-01 attribué à ACTION ; BIBLIOTHEQUE absente pour une scène ; CRAFT omis pour densité,Rapport DIR 09,Méthode cherchée au mauvais endroit ; structure non chargée,Significatif,Significatif,DIRECTION (déclencheur),Routing : corriger les trois lignes,F-DIR-030,Chaque déclencheur mène au propriétaire exact,RETENU → phase 11,MAINTENUE,D1 — Frontière du jugement de craft
F-DIR-003,10.01,"DIRECTION.md 27, 37, 219–239","DIRECTION → ACTION/HANDOFF, RUN_CARD",Interface,Coordination / Mémoire,6 Preuve / 7 Agentique,"Données de cadrage, d’observation et de clôture réunies sans phase ; pas de distinction pré-build / post-build","Rapports DIR 01, 02, 05, 07 ; QS checkpoint ; 9.08 : sortie HANDOFF identique pour LITE et DIRECTION","DECISION-CHANGE prématuré, faux N/A, impression de preuve complète",Significatif,Significatif,ACTION (contrat) ; DIRECTION (projection),Clarification : marquer la phase de chaque champ (avant build / après observation / clôture),"F-DIR-006, F-DIR-010, F-ACT-002",Snapshot à chaque phase d’un run : aucun champ post-observation rempli avant,RETENU → phase 11,MAINTENUE,D2 — Boucle et one-shot
F-DIR-009,10.01,DIRECTION/CREATIVE-BOOT 184,Boot ↔ DOUBLE-LOOP / ACTION clôture,Intra-fichier,Exécution,1 Création,"Le Boot exige modification et réobservation, alors que DOUBLE-LOOP, ACTION et QUICKSTART autorisent l’arrêt après une première observation suffisante","Rapports DIR 02, 06 ; 7.01 ; 9.06 : DOUBLE-LOOP permet l’arrêt pour le pilote B et l’interdit pour A (discrimination correcte hors Boot)",Itération rituelle sans gain ; contradiction avec la règle anti-rituel,Significatif,Significatif,DIRECTION,Clarification : conditionner la modification à l’existence d’une correction utile,"F-ACT-016, F-ACT-025",Run one-shot suffisant : aucune modification exigée ; run faible : retour exigé,RETENU → phase 11,MAINTENUE,D2 — Boucle et one-shot
F-DIR-036,10.01,Précondition mémoire ITER 672–674,ITER ↔ schéma / validateur,Chaîne,Mémoire / Garde-fou,9 Gouvernance / 12 Migration,"Une RUN_CARD ITER sans direction, trace ni preuve antérieure est acceptée",Rapport DIR 08,ITER utilisé comme raccourci sans baseline ; non-régression invérifiable,Significatif,Significatif,DIRECTION (précondition) ; ACTION et schéma (transport),Alignement humain/machine : trace_locator ou référence de direction requise pour ITER persistant,"F-DIR-006, F-ACT-011",ITER sans référence de direction refusé en persistant,RETENU → phase 11,MAINTENUE,D2 — Boucle et one-shot
F-ACT-026,10.02,ACTION.md 499–505 ; ACTION/AUTHORITY,Checkpoint d’autorité ↔ regard externe,Interface,Autorité,9 Gouvernance / 8 Équipe,"un agent peut remplacer une autorisation manquante par auto-comparaison, capture, réserve et prochaine preuve, puis poursuivre le build","Rapport ACTION 07 Pipeline DIRECTION : lignes 499–505 exigent validation avant build sans autonomie, puis autorisent la compensation de l’absence de « regard externe » sans distinguer reviewer et autorité ; une nouvelle identité sans checkpoint valide, tandis qu’un objet d’autorité structuré est rejeté ; SUITE : ACTION/AUTHORITY interdit la baisse silencieuse ; B3 confirme qu’un contrepoint est une preuve, pas une autorisation : l’ambiguïté de 499–505 est levée ailleurs dans le même propriétaire","action au-delà du scope autorisé, nouvelle identité construite sans décision du rôle responsable, confusion entre qualité de preuve et droit d’agir",Significatif,Majeur provisoire,ACTION/AUTHORITY ; PIPELINE-DIRECTION,Clarification : 499–505 renvoie à AUTHORITY ; transport reviewer/décideur,"F-ACT-037, F-DIR-017","autonomie explicite/implicite/absente, owner disponible/indisponible, revue indépendante disponible/absente, nouveau public, nouvelle marque et extension de scope",RETENU → phase 11,ABAISSÉE,"D3 — Autorité, droits et gates spécialisés"
F-ACT-033,10.02,"ACTION/GATE-A 677 (vs 653, 665)",Reduced motion,Intra-fichier,Accessibilité,3 Accessibilité,"un fallback dessiné ou promis est déclaré accessible avant implémentation, activation de la préférence et test du résultat","Rapport ACTION 09 Visual proof/Gate A : ligne 677 accorde PASS lorsqu’une alternative sans mouvement est « prévue » ; lignes 653 et 665 exigent une preuve obtenue et maintiennent sans runtime une hypothèse en `NOT-VERIFIED`; une carte sans runtime ni préférence reduced motion, fondée sur capture statique, obtient `ACCEPTED` ; SUITE : Contradiction interne levée par 653/665 et SAVOIR/MOTION ; aucun cas observé en 6.02b–9.08","motion imposée à des personnes sensibles, faux PASS d’accessibilité, absence de fallback réel et diffusion d’un claim non exécuté",Significatif,Majeur provisoire,ACTION/GATE-A ; SAVOIR/MOTION,Correction normative : « prévue » → « implémentée et testée » ; sinon NOT-VERIFIED,F-ACT-018,"préférence active/inactive, alternative prévue/implémentée/testée, interruption, contenu équivalent, capture statique/runtime, device réel et performance",RETENU → phase 11,ABAISSÉE,"D3 — Autorité, droits et gates spécialisés"
F-ACT-037,10.02,ACTION/GATE-B 737–753 (B3),Indépendance de revue,Interface,Reviewer,8 Équipe / 6 Preuve,"une auto-revue différée, un collègue directement impliqué ou un auteur exposé au mapping peut recevoir le label indépendant sans critère commun ; les expositions multiples sont condensées en une valeur unique","Rapport ACTION 10 Gate B : lignes 737–753 distinguent auto-comparaison et regard indépendant, mais la trace requise n’établit ni relation avec l’auteur, ni conflit d’intérêts, ni auteur du rendu ; une seconde session du même auteur déclarée comme base d’une « revue indépendante » accompagne `ACCEPTED` ; SUITE : Toute la campagne 6.02b–9.08 repose sur un observateur unique, déclaré comme tel dans chaque rapport : la limite est réelle et récurrente","surpondération d’un avis non indépendant, validation identitaire circulaire, disparition des biais connus et triangulation omise",Significatif,Significatif provisoire,ACTION/GATE-B/B3 ; trace de revue,"Clarification : critères minimaux d’indépendance (relation, exposition, auteur du rendu)","F-ACT-026, F-SAV-003",même auteur/autre auteur/collaborateur/décideur externe × relation et conflit déclarés/absents × exposition simple/multiple × avis initial/interprétati,RETENU → phase 11,MAINTENUE,"D3 — Autorité, droits et gates spécialisés"
F-SAV-009,10.03,SAVOIR/TECH 778,"TECH 778 ↔ ACTION 850–861, DIRECTION 680–686",Interface,Réalisation / Outil,5 Technique,"« Aucun outil, script ou package » sans dépendance approuvée, version, owner : aucune branche pour un script local sans dépendance",Rapport SAVOIR 12 ; ACTION 850–861 porte une politique proportionnée ; pas de blocage observé dans les runs de la campagne,"Contrôle pertinent bloqué ou trace fictive ; ou, si la phrase est ignorée partout, package externe exécuté sans vérification",Significatif,Significatif à éprouver,SAVOIR/TECH ; ACTION (politique d’autorisation),Clarification : l’approbation vise une nouvelle dépendance ; script local sans dépendance = méthode et résultat tracés ; interdiction d’exécution aveugle conservée,"F-ACT-028, F-ACT-024, F-DIR-037","Script local sans dépendance, outil déjà autorisé, nouveau package : autorité, champs applicables, preuve produite",RETENU → phase 11,MAINTENUE,"D3 — Autorité, droits et gates spécialisés"
F-CHG-001,10.03,"CHANGELOG 21, 37–42",Cycle de vie des routes ↔ seed canonique,Système,Owner du corpus,12 Migration / 9 Gouvernance,Les routes du seed sont « canoniques » sans statut individuel ; DEPRECATED n’est atteignable que depuis ADOPTED (qui suppose un gain non mesuré) ; PILOT ne mène qu’à ADOPTED ou ABANDONED,"Rapport CHANGELOG 01 ; 8.02 V5 ; 9.05 : le replay confirme la difficulté dans le contrat de cycle de vie, sans route réellement retirée. Toutes les routes actuelles sont des routes seed : la première dépréciation, quelle qu’elle soit, rencontre le trou","Statut fictif (seed traité comme ADOPTED), retrait sans compatibilité, nouveaux usages maintenus pendant la migration",Significatif,Significatif à éprouver,CHANGELOG ; ACTION/RUN-SYSTEM (migration) ; BIBLIOTHEQUE/EVOLUTION si structure,"Correction normative : statut de bootstrap du seed et transition de dépréciation depuis tout état publié ou utilisé, sans claim de gain","F-DIR-046, F-DIR-002, F-ACT-015/021","Route seed sans mesure, route pilotée sans consumer, PILOT partagé avec consumers : statut initial, interdiction de nouvel usage, migration, statut final",RETENU → phase 11,MAINTENUE,D4 — Cycle de vie et claims d’efficacité
F-DIR-002,10.01,DIRECTION.md 74,Constitution ; interface README / RELEASE_NOTES / CHANGELOG 21,Système,Preuve,6 Preuve / 11 Expérimentation,Affirme que le système « augmente la probabilité d’un travail de niveau expert » ; README et release classent l’efficacité NOT-VERIFIED,"Rapport DIR 01 ; 9.08 : premier comparatif avec/sans DG, gain non observé en présence/désirabilité (N=1)",Hypothèse présentée comme résultat ; décisions d’adoption fondées sur un gain non mesuré,Significatif,Significatif,DIRECTION,"Clarification : formuler comme objectif/hypothèse, renvoyer au CHANGELOG et aux pilotes","F-DIR-044, F-CHG-001",Recherche des formulations causales non bornées dans les sources normatives,RETENU → phase 11,MAINTENUE,D4 — Cycle de vie et claims d’efficacité
F-DIR-046,10.01,Ligne 817,"Promotion ↔ BIBLIOTHEQUE/EVOLUTION, CHANGELOG",Système,Propriété,9 Gouvernance,"Toute route partagée ou candidate envoyée vers BIBLIOTHEQUE, même non structurelle",Rapport DIR 10 ; 5-owners checkpoint,Règle de jugement ou de preuve évaluée par des critères structurels ; propriétaire contourné,Significatif,Significatif,Source normative concernée ; CHANGELOG ; BIBLIOTHEQUE si structure,Correction normative : « BIBLIOTHEQUE/EVOLUTION si structure »,F-CHG-001,"Composant, heuristique CRAFT, gate ACTION, champ RUN_CARD : propriétaire exact",RETENU → phase 11,MAINTENUE,D4 — Cycle de vie et claims d’efficacité
F-ACT-003,10.02,ACTION.md 39–46,Registres internes ACTION,Intra-fichier,Lecture,9 Gouvernance,"un lecteur persiste la route mais pas l’interprétation, ou considère preuve comme un bloc unique et mélange fait observé et conclusion","Rapport ACTION 01 Responsabilité : ligne 39 annonce route/preuve/décision/persistance ; lignes 41–46 définissent observation/interprétation/décision/persistance ; aucune relation de dérivation n’est fournie ; SUITE : 5.02 : « quatre registres » = progression observation → persistance, les cinq plans de statut = catégories ; le lecteur n’a pas à remplir neuf cases à la fois","traçabilité épistémique affaiblie, lecture non reproductible, mapping machine arbitraire",Mineur,Significatif provisoire,ACTION,Clarification éditoriale : renommer l’un des deux ensembles et dire leur relation,F-DIR-033,"une observation ambiguë, une interprétation révisée, une décision inchangée et une reprise de run par un lecteur n’ayant pas participé à l’observation",RETENU (mineur) → lot éditorial,ABAISSÉE,E1 — Lot éditorial
F-ACT-004,10.02,ACTION.md 110,"ACTION → SAVOIR/CONTEXT, TECH",Interface,Chargement,5 Technique / 6 Preuve,la source spécialisée n’est pas chargée lorsque le rendu reste identique mais que la conclusion probatoire doit changer,"Rapport ACTION 02 First render : ligne 110 charge SAVOIR seulement si ses questions peuvent modifier le prochain artefact ; le bloc 1, READING_MAP et SAVOIR montrent que ces sources peuvent modifier méthode, preuve, limite, runtime et prochaine action sans modifier l’artefact ; SUITE : Le critère SAVOIR/ROUTING « prochaine décision / preuve / limite » couvre déjà le cas ; une capacité manquante mène à NOT-VERIFIED","PASS ou clôture sur méthode inadéquate, scope mal déclaré, preuve manquante non reconnue, fallback ou prochain test omis",Mineur,Significatif,ACTION,"Clarification : aligner la ligne 110 sur le critère de SAVOIR (« peut changer la décision, la preuve ou la limite »)","F-ACT-001, F-DIR-037/038","artefact inchangé mais changement de méthode, de limite, de référentiel, de runtime observé ou de NEXT-PROOF",RETENU (mineur) → lot éditorial,ABAISSÉE,E1 — Lot éditorial
F-ACT-016,10.02,ACTION.md 244–246,"FAST-PATH ↔ RUN-LITE, CLOSE-PACKAGE",Intra-fichier,Réalisation,7 Agentique,"un lecteur pressé produit décision, risque, preuve et conséquence puis clôt sans paquet reprenable","Rapport ACTION 05 Fast-path/RUN_CARD : lignes 244–246 ordonnent d’arrêter après quatre réponses ; RUN-LITE, HANDOFF et CLOSE-PACKAGE exigent aussi artefact/diff, axes, verdict, owner, réserve ou prochaine action et persistance ; SUITE : Portée limitée à LITE et petits ITER ; 9.08 mesure le problème inverse (surcharge de clôture pour LITE) : le remède est un noyau LITE court, pas un FAST-PATH plus long","run sans owner, statut, verdict, artefact ou prochaine action ; perte de responsabilité et de mémoire sous couvert de proportionnalité",Mineur,Significatif,ACTION,"Clarification : après les quatre réponses, appliquer le noyau de clôture LITE (4 éléments de DAILY)","F-ACT-002, F-SK-001","correctif local avec et sans ligne de run préalable, owner différent, preuve négative, décision N/A et reprise après interruption",RETENU (mineur) → lot éditorial,ABAISSÉE,E1 — Lot éditorial
F-ACT-032,10.02,ACTION.md 558–570,Partition typographique ↔ SAVOIR/TYPE,Interface,Typographie,1 Création / 5 Technique,"une famille est approuvée avec une partition apparemment complète sans contrôle explicite de licence, caractères nécessaires ou coût de chargement","Rapport ACTION 08 Contrats structurés : lignes 558–570 couvrent rôles, mesure, poids, contextes, fallback, justification, reflow et zoom ; `SAVOIR/TYPE` exige aussi langues/glyphes, chiffres, ponctuation, licence, performance/chargement, axes réels, lisibilité et limites de preuve ; aucun renvoi local ne les mappe et `SAVOIR/TYPE` échoue dans le lecteur de routes ; SUITE : SAVOIR/TYPE porte le contrat complet ; le défaut est le mot « complète » et l’absence de renvoi","texte manquant ou synthétique, fallback divergent, non-conformité de licence, régression de performance et claim de lisibilité sans preuve",Mineur,Significatif provisoire,ACTION (renvoi) ; SAVOIR/TYPE (critères),"Clarification : retirer « complète », renvoyer à SAVOIR/TYPE (licence, glyphes, chargement)","F-ACT-024 (licence), F-DIR-028","latin/CJK/RTL, chiffres tabulaires, glyphes absents, licence inconnue, webfont lente, variable font, zoom/reflow et fallback réel",RETENU (mineur) → lot éditorial,ABAISSÉE,E1 — Lot éditorial
F-ACT-034,10.02,ACTION.md 655,Provenance : obligation ou limitation,Interface,Preuve,6 Preuve,un lecteur autorise une acceptation réservée avec provenance absente ; un autre suit le schéma et retourne la carte,"Rapport ACTION 09 Visual proof/Gate A : ligne 655 exige une provenance pour `ACCEPTED` et `ACCEPTED-WITH-RESERVATION`, puis dit que son absence laisse le verdict non accepté « ou » la limite explicitement déclarée ; le validateur rejette les deux verdicts acceptés sans provenance, même avec limitation ; SUITE : Le validateur applique la lecture protectrice et une fixture négative officielle existe : l’écart produit un rejet visible","clôtures incompatibles, confiance excessive dans une limitation narrative ou blocage inattendu d’un run correctement borné",Mineur,Significatif,ACTION/GATE-A,Clarification éditoriale : lever le « ou »,F-ACT-023,provenance complète/partielle/absente × ACCEPTED/ACCEPTED-WITH-RESERVATION/non accepté × limitation spécifique/générique,RETENU (mineur) → lot éditorial,ABAISSÉE,E1 — Lot éditorial
F-BIB-003,10.03,BIBLIOTHEQUE/GRID 392–411,GRID ↔ médium et scope,Intra-fichier,Structure,5 Technique,"Sept familles MOBILE-* énumérées ; seules trois sont conditionnées au risque, les autres n’ont pas de branche « mobile hors scope »","Rapport BIB 06 ; aucun run hors web. Rectification : 9.07 O8 (liste masquée 650–980 px) montre qu’une intention CSS ne prouve pas le rendu mobile ; il concerne la preuve ACTION, pas la sur-application de GRID hors médium, et n’appuie pas cette fiche",Traces mobiles inventées pour print ou borne ; N/A de confort ; surcharge d’un delta local,Mineur,Significatif à éprouver,BIBLIOTHEQUE/GRID,Clarification : rattacher les familles MOBILE à la présence du mobile dans le scope ou à un risque responsive réel,"F-DIR-038, F-ACT-006","Même grille en print, en web responsive livré, en correction desktop avec mobile hérité",RETENU (mineur) → lot éditorial,ABAISSÉE,E1 — Lot éditorial
F-DIR-005,10.01,DIRECTION.md légende,Tags d’autorité,Intra-fichier,Lecture,9 Gouvernance,[RECOMMANDÉ] et [À ADAPTER] n’apparaissent que dans la légende ; [ABSOLU] expliqué sous une autre forme,Rapport DIR 01,Charge faible inutile,Mineur,Mineur / Observation,DIRECTION,Clarification éditoriale (déclarer la légende inter-document ou la réduire),—,Chaque tag de la légende apparaît ou est déclaré inter-document,RETENU (mineur) → lot éditorial,MAINTENUE,E1 — Lot éditorial
F-DIR-012,10.01,CREATIVE-BOOT 173,Boot ↔ BIBLIOTHEQUE/TENSION,Interface,Exécution,1 Création,"Un axe de tension et deux anti-directions, contre « un ou deux axes » dans BIBLIOTHEQUE",Rapport DIR 02 ; aucun effet observé en run,Quota implicite ou réduction arbitraire,Mineur,Significatif / à éprouver,BIBLIOTHEQUE (tension) ; DIRECTION (activation),Clarification : renvoyer à la cardinalité BIBLIOTHEQUE sans chiffre local,F-DIR-009,Texte : aucune cardinalité divergente entre DIRECTION et BIBLIOTHEQUE,RETENU (mineur) → lot éditorial,ABAISSÉE,E1 — Lot éditorial
F-DIR-014,10.01,DAILY 253,Reclassification LITE ↔ START (ITER),Intra-fichier,Décision,9 Gouvernance,"Reclassification depuis LITE vers STANDARD, DIRECTION ou SYSTÈME seulement ; ITER omis",Rapport DIR 03,"Sur-classement en STANDARD (plus de charge, pas moins de protection)",Mineur,Significatif,DIRECTION,Clarification : ajouter ITER à la liste,—,Micro-delta devenu retouche multi-zone sans changement de direction → ITER,RETENU (mineur) → lot éditorial,ABAISSÉE,E1 — Lot éditorial
F-DIR-015,10.01,FAST-PATH 274,FAST-PATH ↔ ACTION DECISION-CHANGE,Interface,Mémoire,6 Preuve,"« modifié ou confirmé » au lieu de « changée, confirmée ou abandonnée »",Rapport DIR 03,Décision abandonnée non persistée,Mineur,Significatif,ACTION (sémantique) ; DIRECTION (reproduction),Clarification : reprendre la triade canonique mot pour mot,F-DIR-011,Recherche textuelle de DECISION-CHANGE : triade complète partout,RETENU (mineur) → lot éditorial,ABAISSÉE,E1 — Lot éditorial
F-DIR-025,10.01,VISUAL_TARGET 423–433,"Routes d’asset ↔ ACTION 575, SAVOIR",Intra-fichier,Exécution,1 Création,Aucune valeur de route pour l’absence intentionnelle d’asset,Rapport DIR 05 ; 9.06 (scénario 10) : aucun pilote n’a déclaré de route ni de fallback,Faux CODE-NATIVE ou asset ajouté pour remplir la route,Mineur,Significatif,DIRECTION,Clarification : ajouter une valeur « aucun asset (retenue) »,F-DIR-027,Surface sans asset : route déclarée sans détour,RETENU (mineur) → lot éditorial,ABAISSÉE,E1 — Lot éditorial
F-DIR-026,10.01,VISUAL_TARGET 432,Route GÉNÉRÉ-DIRIGÉ,Intra-fichier,Preuve,6 Preuve,Condition « aucune source autorisée ne résout mieux » non bornée,Rapport DIR 05,Recherche sans arrêt ou affirmation invérifiable,Mineur,Significatif,DIRECTION / SAVOIR/SOURCE,"Clarification : borner aux sources observées dans le scope, le délai et les droits",—,Texte : condition bornée par scope et délai,RETENU (mineur) → lot éditorial,ABAISSÉE,E1 — Lot éditorial
F-DIR-031,10.01,"ABSOLU 4, ligne 607 ; entrée prioritaire",Temporalité du classement ↔ INTAKE,Intra-fichier,Décision,9 Gouvernance,« Avant d’agir » peut interdire l’intake nécessaire au classement,"Rapports DIR 07, 08, 10 ; 9.08 : clarification posée avant classement sans conflit observé",Mode deviné trop tôt ou absolu ignoré,Mineur,Significatif,DIRECTION,"Clarification : « avant toute action qui engage artefact, preuve, état, diffusion ou persistance »",F-DIR-003,"Brief ambigu : clarification permise, build interdit avant classement",RETENU (mineur) → lot éditorial,ABAISSÉE,E1 — Lot éditorial
F-DIR-037,10.01,Capacités 680–695,Activation de capacité ↔ construction / robustesse,Intra-fichier,Exécution,5 Technique,Le test d’activation omet les capacités de construction ; les exemples adjacents les réintroduisent,"Rapports DIR 08, 09","CMS, tokens ou moyens de construction écartés à tort",Mineur,Significatif,DIRECTION,"Clarification : « construire, décider, observer ou tenir une contrainte »",F-DIR-038,Texte : test d’activation cohérent avec la table 688–695,RETENU (mineur) → lot éditorial,ABAISSÉE,E1 — Lot éditorial
F-DIR-040,10.01,Ligne 718,Terme « direction modale »,Intra-fichier,Lecture,9 Gouvernance,Terme unique et non défini,Rapport DIR 09,Interprétation variable,Mineur,Observation,DIRECTION,Clarification : « direction retenue »,—,Terme absent ou défini,RETENU (mineur) → lot éditorial,RELEVÉE,E1 — Lot éditorial
F-DIR-043,10.01,Entrée prioritaire 794–804,Position de la façade ↔ carte de lecture,Intra-fichier,Lecture,7 Agentique,Section dite « entrée » placée après la clôture et non servie par le lecteur,Rapport DIR 10,Résumé découvert trop tard,Mineur,Observation à risque,DIRECTION,Déplacement : placer en tête ou requalifier en récapitulatif,F-DIR-028,Lecteur linéaire rencontre l’entrée avant START,RETENU (mineur) → lot éditorial,RELEVÉE,E1 — Lot éditorial
F-DIR-045,10.01,"Lignes 658, 788",Chemin JSON `limitations` ↔ schéma,Interface,Mémoire,9 Gouvernance,`limitations` référencé hors de `closure`,Rapport DIR 10,"RUN_CARD invalide (rejetée par le validateur : erreur visible, pas silencieuse)",Mineur,Significatif,DIRECTION (projection),Clarification : chemin `closure.limitations`,F-DIR-035,Recherche des chemins JSON cités : tous valides contre le schéma,RETENU (mineur) → lot éditorial,ABAISSÉE,E1 — Lot éditorial
F-EX-003,10.04a,examples.md 73–87,"Exemple SYSTÈME ↔ canonical_minimum 16–17, ACTION 132/139/396–411",Interface,Mainteneur,12 Migration / 6 Preuve,Plateformes non inspectées codées NOT-OBSERVED ; retour sans échec localisé,Rapport Examples 01 ; le retour est explicite (RETURNED/RETURN) et la fermeture d’un run retourné est permise,"Reprise sans savoir quelle régression, chez qui, par quelle méthode",Mineur,Non fixée en phase 2,Référence examples.md,Correction d’exemple : NOT-VERIFIED pour l’inspecté manquant ; échec localisé,"F-ACT-014, F-DIR-011 (triade) ; grappe Exemples","Mainteneur : ce qui a échoué, ce qui n’a pas été testé, qui reprend",RETENU (mineur) → lot éditorial,PREMIER CLASSEMENT,E1 — Lot éditorial
F-FLOW-001,10.04a,flow.md 13–15,"Vue de parcours ↔ DIRECTION/START, ACTION",Interface,Agent,7 Agentique,"Les branches « risque critique » et « NOT-VERIFIED » sont des nœuds terminaux latéraux, sans retour vers reclassification, owner ou prochaine preuve","Rapport Flow 01 ; titre « vue de lecture », texte 18/20 et skill 12 rappellent la priorité des propriétaires ; 5.03 : « réorganiser les branches avant d’en faire une voie autonome »",Risque critique traité comme simple arrêt ; NOT-VERIFIED pris pour état final,Mineur,Non fixée en phase 2,Référence flow.md,Clarification : relier les deux branches à reclassification et à owner/prochaine preuve,D-FAC-1 ; F-DIR-007,Parcourir les deux cas avec la vue seule puis avec les propriétaires,RETENU (mineur) → lot éditorial,PREMIER CLASSEMENT,E1 — Lot éditorial
F-GLO-001,10.04a,GLOSSAIRE 17,"Définition dérivée ↔ ACTION/HANDOFF 21/33, DIRECTION 241",Interface,Lecteur débutant,9 Gouvernance,"La RUN_CARD est définie « lorsque la ligne minimale ne suffit plus », et non par l’exigence de persistance du mode",Rapport GLO 01 ; étape 64 renvoie à START ; 5.03 : glossaire conservé en lecture conditionnelle ; lexique non normatif,"Run STANDARD résumé en une phrase, projection et locator omis",Mineur,Significatif à éprouver,GLOSSAIRE,"Clarification : « trace persistante exigée en STANDARD, DIRECTION, SYSTÈME »","F-ACT-020, D-FAC-1","LITE à trace courte, STANDARD persistant, SYSTÈME avec consumers : lexique seul puis ACTION",RETENU (mineur) → lot éditorial,ABAISSÉE,E1 — Lot éditorial
F-MP-001,10.04a,machine_projection.md 43–45/62–66/81–85/94,Exemple YAML ↔ validate_run_card 252–266,Interface,Intégrateur,10 Production,L’exemple YAML viole sa propre contrainte (locator de provenance ≠ locator d’artefact),"Rapport Machine Projection 01 : converti en JSON, rejet sur ce seul désaccord ; aligné, PASSED ; erreur visible ; 5.03 : « corriger avant tout rapprochement »","Correction à tort (provenance supprimée, verdict changé) par un lecteur qui copie",Mineur,Non fixée en phase 2,Référence machine_projection.md,Correction d’exemple : aligner les locators,Grappe Exemples ; F-VRC (10.04b),YAML converti sans altération : validation normale PASSED ; JSON officiel et fixture CLOSED+RETURNED+RETURN toujours acceptés,RETENU (mineur) → lot éditorial,PREMIER CLASSEMENT,E1 — Lot éditorial
F-QS-001,10.04a,"QUICKSTART 83–94, 154 ; skill 83","Façade → DIRECTION/START 142, ACTION/RUN-LITE 343, BIB/SELECT 193–197",Interface,Lecteur pressé / Agent,7 Agentique / 10 Production,"Le « parcours minimal » demande diriger, choisir une structure et un premier objet complet pour tout run ; 154 (et skill 83) charge BIBLIOTHEQUE/COMPONENTS en SYSTÈME même pour un token sans composant","Rapports QS 02/03 ; checkpoint QS : portée réduite, car 150–152 lève le cas LITE/ITER ; 5.01 et 5.04 confirment le mécanisme résiduel (154 et skill 83, deux endroits) ; 9.08 : la surcharge est le coût principal mesuré de DG",Routes créatives ou structurelles chargées sans décision à modifier ; trace qui masque le petit risque réel,Mineur,Observation,QUICKSTART (formulation) ; skill 83,Clarification : qualifier le parcours par mode ; COMPONENTS seulement si un composant change,"Grappe Proportion : F-SK-001, F-RM-003, F-BIB-002, F-ACT-002 ; D-FAC-1","Lecteur des seules lignes 61–105 sur un wrapping LITE, un onboarding critique, une direction identitaire ; token partagé sans composant",RETENU (mineur) → lot éditorial,RELEVÉE,E1 — Lot éditorial
F-QS-004,10.04a,QUICKSTART 312,Façade → skill et références,Interface,Navigation,7 Agentique,"Renvoi aux références de la skill (exemples, flux, projection) sans chemin ni lien, alors que les cinq renvois propriétaires sont ouvrables",Rapport QS 09 ; checkpoint QS : « ne justifie pas à lui seul une correction prioritaire » ; 5.01 : atténué par README racine 84,Aide annoncée abandonnée ou cherchée au mauvais endroit,Mineur,Mineur à éprouver,QUICKSTART,"Clarification : chemin explicite, valable dans les deux distributions","F-SK-002 (chemins par export), F-DIR-028","Depuis QUICKSTART seul puis README racine : retrouver examples, flow, machine_projection et ACTION, dans GitHub et Local",RETENU (mineur) → lot éditorial,MAINTENUE,E1 — Lot éditorial
F-SAV-001,10.03,SAVOIR/READ 38 ; ROUTING 68–82,SAVOIR/READ ↔ ACTION/ROUTING 876,Intra-fichier,Chargement,7 Agentique,"« Zéro, une ou deux routes » peut être lu comme un plafond alors que trois ou quatre questions indépendantes sont actives (CRAFT, TYPE, SOURCE, CONTEXT)","Rapport SAVOIR 01 ; la même section exige une route de plus si elle change question, preuve ou limite ; le tableau n’écrit pas « maximum » ; aucun validateur n’impose ce plafond ; 5.02 et 5.03 : conservé sans nouvelle occurrence","Typographie, asset ou accessibilité traités sans leurs critères propriétaires si la phrase est prise pour un quota",Mineur,Significatif provisoire,SAVOIR/READ,Clarification : « typiquement zéro à deux ; une route par question active »,"F-ACT-004 (même cycle éditorial : critère de chargement), F-ACT-001, F-DIR-028","Zéro à quatre questions indépendantes, cas critique et local : toute obligation applicable exécutée ou réellement N/A, chargement inutile arrêté",RETENU (mineur) → lot éditorial,ABAISSÉE,E1 — Lot éditorial
F-SAV-004,10.03,SAVOIR/DESIGN-ATLAS 541,"ATLAS ↔ SAVOIR/SYSTEM 690–704, ACTION 885",Intra-fichier,Système,9 Gouvernance,La cellule « structure / composant » renvoie à BIBLIOTHEQUE et ACTION/RUN-SYSTEM mais omet SAVOIR/SYSTEM,Rapport SAVOIR 08 ; SAVOIR/ROUTING 78 et ACTION/ROUTING 885 donnent la bonne route ; aucune unité 4–9 n’est entrée par l’ATLAS,Jugement token/modes/consumers sauté pour une entrée par l’ATLAS,Mineur,Significatif à éprouver,SAVOIR/DESIGN-ATLAS,Clarification éditoriale : ajouter SAVOIR/SYSTEM à la cellule 541 (sans l’imposer au composant local),"F-SAV-007, F-BIB-004 (grappe composant partagé), F-DIR-042","Token partagé, composant partagé sans token, composant local, depuis ATLAS puis depuis ROUTING : routes chargées et décisions documentées",RETENU (mineur) → lot éditorial,ABAISSÉE,E1 — Lot éditorial
F-SAV-010,10.03,SAVOIR 915 (règle d’or 6),Résumé SAVOIR ↔ ACTION 475/483,Interface,Réalisation,6 Preuve,"La règle rapide lie ancre et spec à « si le contrat ou le risque le requiert », ce qui peut faire déclarer la spec DIRECTION non applicable","Rapport SAVOIR 15 ; lecture logique correcte : le « contrat » (ACTION 475) exige la spec en DIRECTION ; le résumé se déclare subordonné (908, 938) ; 9.08 : dans le run avec DG, une VISUAL_TARGET partielle (6 champs sur 10) a été écrite avant le rendu (N = 1) ; B02 lot 1 (hypothèse gelée) y touchait","Build DIRECTION sans cible explicite, NOT-VERIFIED traité comme N/A",Mineur,Significatif à éprouver,SAVOIR (fidélité du résumé),Clarification éditoriale : « spec toujours requise en DIRECTION ; ancre selon DIRECTION »,F-DIR-027,"Règle 6 seule sur un DIRECTION faible risque, puis ACTION ; STANDARD sans ancre ; spec absente ou présente",RETENU (mineur) → lot éditorial,ABAISSÉE,E1 — Lot éditorial
F-SK-002,10.04a,skill 16/37 ; build ; manifeste,Skill partagée ↔ layout Local,Distribution,Agent,5 Technique,"La skill cite V1/official/READING_MAP.md, absent de l’export Local (où la carte est official/READING_MAP.md)","Rapport Skill 01 ; 4.09 et 8.02 : reproduit ; README Local donne le bon chemin ; erreur visible (fichier introuvable), récupérable",Carte sautée ou recherchée à tort par un agent dans Local,Mineur,Non fixée en phase 2,Skill ; build des distributions,"Correction ciblée : chemin propre à chaque layout, généré au build",F-QS-004 ; F-BLD (10.04b) ; F-DIR-028,"Depuis chaque archive extraite, suivre l’activation de la skill : tous les chemins résolus",RETENU (mineur) → lot éditorial,PREMIER CLASSEMENT,E1 — Lot éditorial
F-ALL-002,10.04b,validate_all.py 27–29,Chemin relatif au cwd,Outil,Mainteneur,5 Technique,"Lancé depuis un dossier externe, faux échec « fixture absente »","Rapport ALL 01 ; l’invocation documentée (racine, workflow) n’est pas touchée ; erreur visible",Faux échec hors usage documenté,Mineur,Mineure ou observation,validate_all.py,Correction d’outil : résoudre les chemins depuis ROOT,Lot robustesse,Lancement depuis la racine et depuis un cwd externe : même résultat,RETENU (mineur) → lot technique,MAINTENUE,E2 — Lot technique
F-BLD-002,10.04b,build_distributions.sh 147–161,Publication non transactionnelle,Distribution,Release,10 Production,"Échec du second zip : GitHub nouveau, Local et dist anciens, code 74",Rapport BLD 01 ; échec visible (code non nul),Générations mélangées après un build échoué,Mineur,Non fixée en phase 2 (« gravité finale ouverte »),Build,Correction d’outil : publier ensemble après succès,Grappe Intégrité de release,Échec injecté → artefacts antérieurs intacts,RETENU (mineur) → lot technique,PREMIER CLASSEMENT,E2 — Lot technique
F-BLD-003,10.04b,"build_distributions.sh 10, 156–161",Sauvegarde perdue à la relance,Distribution,Release,10 Production,Double panne pendant la promotion : ni dist ni sauvegarde,Rapport BLD 01 ; dist est régénérable depuis les sources,Perte du dernier dossier valide (régénérable),Mineur,Non fixée en phase 2 (« gravité finale ouverte »),Build,Correction d’outil : restaurer la sauvegarde avant nettoyage,Grappe Intégrité de release,Relance réussie et ratée après échec de mv,RETENU (mineur) → lot technique,PREMIER CLASSEMENT,E2 — Lot technique
F-DF-002,10.04b,schéma domain_frame 11,Plan de preuve,Interface,Cadrage,6 Preuve,"evidence_plan exigé par présence : [""à déterminer""] accepté","Rapport DF 01 ; 4.05. Cadrage amont, sans verdict d’acceptation : l’effet passe par ACTION, qui garde la preuve",Cadrage vert au plan de preuve vide,Mineur,Significatif,Contrat DOMAIN_FRAME,"Clarification : cinq composantes du plan (DIRECTION 207) nommées, artefact attendu admis",D-ACT-1,Liste de méthodes seule / plan lié à l’écran et à la prochaine preuve,RETENU (mineur) → lot technique,ABAISSÉE,E2 — Lot technique
F-FIX-001,10.04b,schemas/fixtures/invalid_capability_profile_missing_basis.json,Suite native ↔ inventaire des fixtures,Outil,Mainteneur,9 Gouvernance,Une fixture sur 25 n’est pas appelée par la suite native,"Rapport Fixtures 01 ; checkpoint Validate_RUN_CARD : atténué, validate_all l’appelle (sans motif attendu)",Cas « basis absent » non protégé contre une évolution,Mineur,Mineure,validate_run_card.py (liste des fixtures),Correction de test : déclarer la fixture avec diagnostic attendu ; découverte automatique des fichiers,Grappe Oracles ; F-ALL-001,Toute fixture sur disque est exécutée ; mutation de la règle basis → rouge,RETENU (mineur) → rattachée à A2 en 11.02 (déclaration et découverte des fixtures),MAINTENUE,A2 — Instrument : oracles de test
F-MAN-001,10.04b,package_manifest.json ; validateur ; build,Doublons et compteur,Distribution,Release,10 Production,Doublons admis ; compteur annoncé 61/60 et 57/56 sur copie mutée,Rapport MAN 01 ; aucune perte de fichier ; 4.09,Compte de couverture trompeur,Mineur,Non fixée (« a priori inférieure »),Manifeste ; validateur,Correction d’outil : entrées uniques,Grappe Intégrité de release,Doublon → rejet ; 60/56 sur B01,RETENU (mineur) → lot technique,PREMIER CLASSEMENT,E2 — Lot technique
F-MAN-002,10.04b,package_manifest.json version,Version non opposée,Distribution,Release,12 Migration,version facultative et non lue : 9.9.9 ou absente → PASS,Rapport MAN 01 ; aucun écart dans B01,Mauvaise attribution de release ou de migration,Mineur,Non fixée en phase 2 (« gravité finale ouverte »),Manifeste ; README ; release notes,"Décision : source unique de version, puis contrôle",F-CHG-001,Version divergente ou absente → rouge ; 1.0.0 → PASS,RETENU (mineur) → lot technique,PREMIER CLASSEMENT,E2 — Lot technique
F-RB-002,10.04b,schéma research_brief 6/11/15–17 ; validate 92–99,"Profondeur, incertitude, arrêt",Interface,Recherche,6 Preuve,Fiche obligatoire même si depth=none ; incertitude « résolue » sans observation et arrêt « à déterminer » acceptés ; égalité exacte refusée,Rapport RB 01 ; 4.06. Atténuation forte : le brief peut être omis et N/A justifié dans ACTION,Remplissage artificiel ; incertitude honnête rejetée,Mineur,Significative à éprouver,Contrat RESEARCH_BRIEF,Clarification d’activation et d’oracle,F-ACT-029,"LITE sans déclencheur, recherche prévue, incertitude restante, résultat qui change l’artefact",RETENU (mineur) → lot technique,ABAISSÉE,E2 — Lot technique
F-RRT-001,10.04b,read_route.py read_block 43–58,Extraction Markdown,Outil,Agent,7 Agentique,"Titre dans un bloc de code, # de code ou titre indenté : bloc factice, tronqué ou élargi, code 0","Rapport RRT 01 (trois mutants). Vérifié ici : aucune ligne des propriétaires B01 ne déclenche le défaut (pas de # en bloc de code, pas de titre indenté) : risque latent","Instruction manquante ou étrangère servie avec un en-tête crédible, si une source future contient ces formes",Mineur,Non fixée en phase 2 (« gravité finale ouverte »),read_route.py,Correction d’outil : parseur conscient des blocs de code ; doublon de titre signalé,Grappe Carte et routes ; F-RM-003 (même script),24/24 routes B01 identiques ; trois mutants servis correctement,RETENU (mineur) → lot technique,PREMIER CLASSEMENT,E2 — Lot technique
F-VCT-002,10.04b,"validate_contracts.py load, validate",Entrées malformées,Outil,Intégrateur,5 Technique,"Racine [] ou UTF-8 invalide : exception brute, code 1",Rapport VCT 01 ; rejet quand même,Diagnostic illisible,Mineur,Non fixée en phase 2 (« gravité finale ouverte »),validate_contracts.py,Correction d’outil : diagnostic stable,Lot robustesse ; F-VRC-002,Schéma mal typé et non UTF-8 → échec contrôlé,RETENU (mineur) → lot technique,PREMIER CLASSEMENT,E2 — Lot technique
F-VCT-003,10.04b,validate_contracts.py ; research_brief.depth,Non-régression d’un enum,Outil,Mainteneur,9 Gouvernance,Enum depth retiré et exemple IMPOSSIBLE : suites vertes,Rapport VCT 01 ; 4.06 ; contrat rarement activé (F-ACT-029),Perte de contrainte invisible sur un contrat optionnel,Mineur,Non fixée en phase 2 (« gravité finale ouverte »),validate_contracts.py (oracles),Correction de test : voisin invalide depth,Grappe Autorité du schéma ; F-VRC-006,Enum retiré → rouge,RETENU (mineur) → rattachée à A1 en 11.01 (même mécanisme de témoin),PREMIER CLASSEMENT,A1 — Instrument : autorité du schéma
F-VDG-002,10.04b,validate_design_governance.py 96–109,Étiquette ```JSON,Outil,Mainteneur,9 Gouvernance,"Bloc étiqueté JSON (majuscules) non reconnu comme projection, json rejeté",Rapport VDG 01,Seconde projection non détectée par une simple casse,Mineur,Non fixée en phase 2 (« gravité finale ouverte »),Validateur documentaire,Correction d’outil : casse insensible,Lot robustesse,json et JSON : même décision,RETENU (mineur) → lot technique,PREMIER CLASSEMENT,E2 — Lot technique
F-VDG-004,10.04b,validate_design_governance.py 139–145,Fichier requis absent,Outil,Mainteneur,9 Gouvernance,"README officiel supprimé : traceback, erreurs accumulées non affichées",Rapport VDG 01 ; échec visible,Diagnostic perdu,Mineur,Non fixée en phase 2 (« gravité finale ouverte »),Validateur documentaire,Correction d’outil : garde d’absence,Lot robustesse,"Source requise absente → chemin cité, code non nul, autres erreurs affichées",RETENU (mineur) → lot technique,PREMIER CLASSEMENT,E2 — Lot technique
F-VRC-001,10.04b,validate_run_card.py load_json,Entrée JSON,Outil,Intégrateur,5 Technique,Clés JSON répétées dans un même objet : la seconde écrase la première sans signal,Rapport VRC 01 (mode dupliqué → carte validée) ; aucun consommateur du package ne lit le JSON autrement (désaccord de parseur non démontré),Ambiguïté de source masquée si un autre outil lit l’entrée brute,Mineur,Significatif,validate_run_card.py (lecture),Correction d’outil : rejeter les clés répétées à toute profondeur,Lot robustesse des diagnostics,Mode dupliqué → rejet ; trois positifs des fixtures inchangés,RETENU (mineur) → lot technique,ABAISSÉE,E2 — Lot technique
F-VRC-002,10.04b,validate_run_card.py load_json,Entrée non UTF-8,Outil,Intégrateur / CI,5 Technique,"Octet non UTF-8 : traceback, code 1, sans « VALIDATION FAILED »",Rapport VRC 01 ; rejet quand même (pas d’acceptation),Diagnostic illisible pour l’automatisation,Mineur,Mineure,validate_run_card.py (lecture),Correction d’outil : erreur contrôlée avec message de lecture,Lot robustesse ; F-VCT-002 (même contrat de diagnostic),"Fichier 0xFF → échec contrôlé, code non nul",RETENU (mineur) → lot technique,MAINTENUE,E2 — Lot technique
F-VRC-003,10.04b,"validate_run_card.py 233–251, 300",Contrôles métier avant typage,Outil,Intégrateur / CI,5 Technique,"Types illégaux (objet dans observed, issue=[], mode=[]) ou URL mal formée : TypeError/ValueError, traceback","Rapport VRC 02 ; ce sont des rejets incontrôlés, jamais des acceptations",Crash du validateur confondu avec un document invalide,Mineur,Significatif,validate_run_card.py,Correction d’outil : validation des types par le schéma avant l’interprétation métier,Lot robustesse,Types illégaux et URL « https://[ » rejetés proprement,RETENU (mineur) → lot technique,ABAISSÉE,E2 — Lot technique
F-VRC-004,10.04b,validate_run_card.py 301–325 (--strict),Hôtes de démonstration : trace ≠ artefact,Outil,Intégrateur,6 Preuve,"En strict, une URL de démonstration est refusée pour trace_locator mais acceptée pour artifact.locator",Rapport VRC 02 ; 4.04 et 4.08 : le strict accepte aussi une URL fictive non listée et un fichier existant étranger au run : il ne prouve pas l’identité de l’artefact de toute façon. L’incohérence est réelle mais étroite,Artefact démonstratif présenté comme validé en strict,Mineur,Significatif,validate_run_card.py (strict),Correction d’outil : même liste d’hôtes pour trace et artefact ; documenter que strict ≠ identité,"F-ACT-022, D-ACT-1",Même hôte de démo en trace et en artefact : même décision,RETENU (mineur) → lot technique,ABAISSÉE,E2 — Lot technique
F-VRC-005,10.04b,validate_run_card.py 315–323,Ancrage des chemins relatifs,Outil,Intégrateur,5 Technique,"Chemin d’artefact relatif résolu depuis le package, pas depuis la carte (source_path ignoré)",Rapport VRC 02 : faux rejet d’une carte externe portable ; chemin absolu accepté ; erreur visible,Cartes portables rejetées selon l’emplacement du validateur,Mineur,Significatif,validate_run_card.py ; contrat de chemin (ACTION),"Décision d’ancrage explicite, puis correction",F-ACT-020,"Carte externe, carte dans le package, chemin absolu",RETENU (mineur) → lot technique,ABAISSÉE,E2 — Lot technique
F-VRM-002,10.04b,"validate_reading_map.py 17, 75–100",Handoff « contrôlé »,Outil,Mainteneur,7 Agentique,Seul le titre est protégé ; section vidée → PASS alors que la bannière annonce « handoff contrôlés »,Rapport VRM 01 ; le handoff canonique reste dans ACTION/HANDOFF,Promesse de PASS plus forte que le contrôle,Mineur,Non fixée en phase 2 (« gravité finale ouverte »),validate_reading_map.py,Réduire la promesse ou contrôler les champs indispensables,F-ACT-002,"Section vidée → rouge, ou bannière réduite",RETENU (mineur) → lot technique,PREMIER CLASSEMENT,E2 — Lot technique
F-WF-001,10.04b,".github/workflows/validate.yml 15, 17",Génération des actions CI,Distribution,CI,5 Technique,"checkout v4 et setup-python v5, antérieurs aux versions natives Node 24",Rapport WF 01 ; la dépréciation de Node 20 sur les runners est confirmée par GitHub (changelog du 19-09-2025) ; aucun échec hébergé observé ; échec éventuel visible,Fragilité de la CI,Mineur,Non fixée en phase 2 (« gravité finale ouverte »),Workflow,"Mise à jour ciblée (versions natives Node 24, SHA vérifiés) puis run hébergé",—,Run hébergé vert avec versions et SHA relevés,RETENU (mineur) → lot technique,PREMIER CLASSEMENT,E2 — Lot technique
F-ACT-035,10.02,ACTION/GATE-A 653 ; CONFORMANCE-TARGET,PASS ciblé ↔ claim WCAG,Interface,Accessibilité,3 Accessibilité,"un PASS sur quelques composants est résumé comme « produit conforme WCAG 2.2 AA » sans couvrir variations responsive, processus complet ou technologies utilisées","Rapport ACTION 09 Visual proof/Gate A : Gate A accepte scope de composant/état/chemin et échantillon représentatif ; WCAG 2.2 réserve la conformité aux pages complètes et processus complets et impose les métadonnées d’une claim ; aucun contrat ne dit explicitement qu’un PASS ciblé n’est pas une claim de conformité et l’objet formel est rejeté par la projection ; SUITE : 9.07 : les pilotes ne revendiquent aucune conformité ; trois passages bornent déjà la claim (CONFORMANCE-TARGET, 653, SAVOIR/TECH)","claim d’accessibilité inexact, exposition réglementaire, exclusion d’états/pages non testés et confusion entre cible, contrôle et conformité",Observation,Significatif provisoire,—,Aucune avant observation d’une confusion réelle,F-ACT-033,"composant/page/processus, échantillon/exhaustif, responsive, niveau A/AA/AAA, technologies utilisées, contenu tiers et déclaration partielle",OBSERVATION — pas de patch ; test futur,ABAISSÉE,F — Observations (test futur)
F-DIR-004,10.01,DIRECTION.md 74,Portée déclarée ↔ médiums traités ailleurs,Système,Décision,5 Technique / 1 Création,"Portée déclarée web/natif ; le corpus traite print, spatial, vidéo, jeu, embarqué",Rapport DIR 01 ; aucun run hors web observé (6.02b–9.08 tous web),Attentes erronées sur les médiums couverts,Observation,Observation,DIRECTION,Aucune correction avant un run hors web ; alors clarifier la portée,"F-DIR-038, F-SAV-008",Un run print ou spatial chargé depuis la portée déclarée,OBSERVATION — pas de patch ; test futur,MAINTENUE,F — Observations (test futur)
F-DIR-017,10.01,EXTERNAL-START 282–298,"Vue externe ↔ checkpoint pré-build, ACTION/AUTHORITY",Chaîne,Coordination,7 Agentique,Le checkpoint pré-build n’est pas visible dans la vue externe,"Rapport DIR 03 ; 9.08 : l’agent a posé une clarification, aucun contournement observé",Build livré sans autonomie explicite,Observation,Observation à risque,DIRECTION ; ACTION/AUTHORITY,Aucune correction avant test agent externe avec et sans autonomie déclarée,F-ACT-026,Agent externe sans autonomie : s’arrête-t-il avant build ?,OBSERVATION — pas de patch ; test futur,MAINTENUE,F — Observations (test futur)
F-DIR-022,10.01,FIRST-OBJECT grounding 347–354,"Refus de grounding ↔ SAVOIR/SOURCE, ACTION",Interface,Garde-fou,6 Preuve,La branche SELF-ASSESSED n’explicite pas ses interdictions,Rapport DIR 04 ; aucun contournement observé,Refus de grounding utilisé pour éviter une source requise,Observation,Significatif / ouvert,DIRECTION ; SAVOIR,Aucune correction avant test ; règles globales anti-contournement déjà présentes,F-SAV-003,"Claim réglementaire, conseil santé, droit d’asset : SELF-ASSESSED refusé",OBSERVATION — pas de patch ; test futur,ABAISSÉE,F — Observations (test futur)
F-DIR-038,10.01,Table de capacité 692–694,Contrôles Web/mobile ↔ médiums,Système,Preuve,3 Accessibilité / 5 Technique,"Clavier, focus, responsive et mobile apparemment universels",Rapport DIR 08 ; aucun run hors web,Faux N/A ou contrôle inadapté hors web,Observation,Observation à risque,SAVOIR/TECH ; ACTION/GATE-A,Aucune correction avant run hors web,"F-DIR-004, F-SAV-008","Print, casque spatial, borne, embarqué : contrôles traduits",OBSERVATION — pas de patch ; test futur,MAINTENUE,F — Observations (test futur)
F-DIR-044,10.01,Lecture instrumentée ; BIBLIOTHEQUE 43–52,"Catégories de lecture (STARTUP-NOMINAL, CONDITIONAL, AUDIT, ACTUAL)",Système,Mémoire,11 Expérimentation,"Catégories non exclusives (phase, motif, fait)",Rapport DIR 10 ; aucune instrumentation utilisée dans les runs,Double comptage lors de futurs pilotes,Observation,Significatif,DIRECTION ; instrumentation de pilote,Aucune correction avant conception des pilotes ; alors taxonomie orthogonale,F-DIR-002,Une lecture classée sur des axes séparés sans double comptage,OBSERVATION — à reprendre avec les pilotes,ABAISSÉE,F — Observations (test futur)
F-OM-002,10.04a,ORCHESTRATION_MAP 31,"Conseil de variation ↔ DIRECTION 703–718, SAVOIR 283–298",Interface,Création,1 Création,"« Un axe situé à la fois » pour varier, alors qu’une alternative de direction est une position multi-axes",Rapport OM 01 ; 5.01 : pas un obstacle démontré ; aucun run n’a produit d’alternatives de direction sous cette seule consigne,"Variantes de densité seulement, alternatives appauvries",Observation,Observation,—,Aucune avant comparaison réelle de sorties,"Grappe Homogénéisation (test) : F-SAV-002, F-DIR-012","Brief DIRECTION ouvert à deux publics : alternative produite depuis 31 seule, puis depuis DIRECTION 701–718",OBSERVATION — pas de patch ; test futur,MAINTENUE,F — Observations (test futur)
F-SAV-008,10.03,SAVOIR/CONTEXT 736–740,"CONTEXT ↔ CRAFT 96/100, ATLAS 539/552–560, STYLE 654, ACTION 597–602, BIB/SCENE 443–445",Interface,Création / Accessibilité,1 Création / 3 Accessibilité,"« Doit », « seulement » et le test 740 peuvent exclure une motion ou une scène spatiale narrative ou identitaire justifiée",Rapport SAVOIR 11 ; aucun run avec motion ou scène spatiale (6.02b–9.08 : pilotes web statiques) ; la fiche elle-même demande de ne qualifier de défaut que la divergence qui produit une mauvaise décision,"Expérience narrative aplatie ; inversement, effet gratuit si on élargit sans lien produit",Observation,Significatif à éprouver,—,Aucune correction avant un run avec motion ou scène spatiale ; alors aligner CONTEXT sur ACTION 597–602,"F-DIR-038, F-ACT-033","Transition fonctionnelle, introduction narrative liée à la promesse, scène spatiale décorative ; avec et sans réduction de mouvement",OBSERVATION — pas de patch ; test futur,ABAISSÉE,F — Observations (test futur)
F-VDG-003,10.04b,validate_design_governance.py 112–127,state: minuscule,Outil,Mainteneur,9 Gouvernance,STATE: exact ; state: UNKNOWN accepté,"Rapport VDG 01 : la fiche elle-même demande de requalifier en observation si la forme minuscule est hors scope ; vérifié ici : une seule occurrence minuscule dans les sources, le YAML de machine_projection.md 82 (state: CLOSED, valeur canonique), qui est une projection et non une ligne de contrat documentaire",Valeur non canonique masquée — si la forme est utilisée,Observation,Non fixée en phase 2 (« gravité finale ouverte »),—,Aucune avant preuve que state: est une représentation active,—,Rechercher state: dans les sources avant toute correction,OBSERVATION — pas de patch ; test futur,PREMIER CLASSEMENT,F — Observations (test futur)
